Team;Season;Drafted;Player;FHMID
CGY;1;1;Ryan Jesster;1100002
WISC;1;2;Anton Razov;1000025
HAM;1;3;Eliseo Zamora;1000109
WPG;1;4;Jay McDonald;1000088
WKP;1;5;Tahk Paccenn;1000153
TOR;1;6;Neil Richard;1102330
TOR;1;7;Jeff Dar;1000111
WKP;1;8;Kevin Paille;1000061
WPG;1;9;Pavol Skvoznak;1000138
HAM;1;10;Robert Sharpe;1102323
WISC;1;11;Joe Frankenberg;1000193
WPG;1;12;Sergei Karpotsov;1000077
WPG;1;13;Jonathan Kane;1000769
WISC;1;14;Nicolas Couturier;1102337
HAM;1;15;Shane Kelley;1100012
CGY;1;16;Joe Momma;1000046
WKP;1;17;Sarmad Khan;1000034
TOR;1;18;Corey Michael;1000072
TOR;1;19;Zac Goonathan;1000087
WKP;1;20;Alex Kachur;1000060
CGY;1;21;Kelly Kane;1000041
HAM;1;22;Scott Stevens;1000134
WISC;1;23;Jeremy Proulx;1000090
WPG;1;24;Harvey Singh;1102327
WPG;1;25;Tebow LeMaster;1102333
WISC;1;26;Steven Wonder;1102345
HAM;1;27;Greg Harbinson;1102322
CGY;1;28;Ty LeMaster;1102342
WKP;1;29;Maxim Revolvov;#N/A
TOR;1;30;Yann Oberg;1102344
TOR;1;31;Fedor Karpotsov;1000125
WKP;1;32;Dimitri Scorelov;1102332
CGY;1;33;Gregory Lazaro;1000053
HAM;1;34;Ron Mexico;1000050
WISC;1;35;Grim Rypien;1102340
WPG;1;36;Badger Bob Johnson;#N/A
WPG;1;37;Pekka Jarmuth;1102325
WISC;1;38;Sid Patterson;1000482
HAM;1;39;Carl Racki;1000076
CGY;1;40;Jordan Eng;1102320
WKP;1;41;Alex Bourque;1000260
TOR;1;42;Brian Burke;1000008
TOR;1;43;Mathias Chouinard;1000119
WKP;1;44;Joe Duncombe;1000147
CGY;1;45;Nathan D'Angelo;1000092
HAM;1;46;John LeClair;1102324
WISC;1;47;Eddie Shore;1102338
WPG;1;48;Drew Doughty;1102336
WKP;1;1000;Alex Reay;1102346
WISC;1;1000;Riley Raycroft;1000117
WPG;1;1000;Castiel Lee;1000054
HAM;1;1000;Tony Falone;1000058
WPG;1;1000;Damian Littleton;1000131
TOR;1;1000;J.J Krever;1000073
HAM;2;1;Drayson Williams;1000074
MAN;2;2;Jamie Campagiorni;1000045
CGY;2;3;Jared Hanson;1000036
WKP;2;4;Brandon Holmes;1102369
WISC;2;5;Aaron Brown;1000124
HAM;2;6;Patrick Perry;1000130
EDM;2;7;Mikey Broomfield;1100003
WPG;2;8;Dominic Turcotte;1102362
WPG;2;9;Gabriel Fortescue;1000160
HAM;2;10;Cole Allen;1102368
EDM;2;11;John Falkirk;1102348
HAM;2;12;Ron Bolt;1102352
EDM;2;13;Mike Honcho;1000070
HAM;2;14;Brendon Ozales;1102359
MAN;2;15;Jarrod Kinderly;1000068
CGY;2;16;Tommy Trekar;1102350
WPG;2;17;Michael Blake;1000116
TOR;2;18;Alex Olvera;1000082
EDM;2;19;Richard Metcalf;1000127
CGY;2;20;Olaf Glockner;1000063
EDM;2;21;Valdas Kremer;1000039
CGY;2;22;Zach Vick;1000183
MAN;2;23;Jerrod Carter;1000142
WISC;2;24;Eric Scheib;1102366
HAM;2;25;Taldon Shepard;1000098
WKP;2;26;Alexei Koradek;1102347
WPG;2;27;Allan Devenney;1000081
WKP;2;28;Steven Stamkos;1000080
HAM;2;29;Jerome B. Savard;1000133
WISC;2;30;Kevin Blake;1102360
CGY;2;31;Jeff Carpenter;1001002
TOR;2;32;Jesse Marleau;1102353
TOR;2;33;Mat Murray;1102364
WKP;2;34;Alexander Cattermole;1000411
MAN;2;35;Tyler Seguin;1000078
CGY;2;36;Ryan Johnson;1000040
MAN;2;37;John Matthews;1102349
WISC;2;38;Milli Vanilli;1102354
TOR;2;39;Cary Hansen;1000017
WKP;2;40;Riku Showron;1000086
EDM;2;41;Andrew James;1000094
WPG;2;42;Tristan Koen;1000026
MAN;2;43;Kenton Maschmeyer;1000067
MAN;2;44;Nino Karlsson;1102358
CGY;2;45;Hamza Ahmed;1004838
EDM;2;46;Matt Taylor;1100005
WISC;2;47;Ross Burke;1102361
TOR;2;48;Colton Rayne;1102351
WKP;2;49;Colin Holmes;1000015
WPG;2;50;Geoffry Schwartz'n-Nagger;1102356
WKP;2;51;Happy Gilmore;1000018
HAM;2;52;Markus Kaitala;1102357
EDM;2;53;Javy Fernandez;1102367
CGY;2;54;Shawn Howard;1102363
EDM;2;55;Jack Brooks;1102355
WISC;2;56;Bill Lochhead;1000079
TOR;2;57;Zach Voss;1100011
EDM;2;58;Kato Baron;1000056
MAN;2;59;Gage Somerville;1000052
WISC;2;60;Pete Rageovik;1000132
EDM;2;61;Jon Stoddart;1000140
EDM;2;62;Conor John;1000093
WISC;2;63;Ajax McFallahan;1000044
WKP;2;;Dorian Greiser;1000114
WKP;3;1;Abdullah Muhammed Jabir;1000001
WKP;3;2;Ideen Fallah;1000139
HAM;3;3;Raymond Lindsay;1000106
VAN;3;4;Jon Maxfield;1000096
CGY;3;5;Trevor Smith;1000135
WPG;3;6;Ford Prefect;1000141
MAN;3;7;Jardy Bunclewirth;1000038
VAN;3;8;Troy Young;1000027
HAM;3;9;Dennis McKay;1000121
CGY;3;10;Brad Kan;1000129
TOR;3;11;Dylan Kearns Jr.;1000115
HAM;3;12;Zach Dooley;1000100
VAN;3;13;Freddy Dorchy;1000020
WPG;3;14;Paul Gagne;1000007
TOR;3;15;John Cabottrail;1000055
MAN;3;16;Eoghan O'Donnell;1000047
EDM;3;17;Josh Hockridge;1000102
MAN;3;18;Turd Ferguson;1000010
CGY;3;19;Brett Solberg;1000000
TOR;3;20;Jensen Winchester;1000019
HAM;3;21;Alec Moose;1000103
WKP;3;22;Glenn Boyce;1000095
WPG;3;23;David Knight;1000084
CGY;3;24;Troy Thompson;1000065
HAM;3;25;Damien Walec;#N/A
VAN;3;26;Charlie Chiclets;1000022
MAN;3;27;Matt Smith;#N/A
CGY;3;28;Zack Moon;1000013
TOR;3;29;Styrr J?nnson;1000128
EDM;3;30;Jeff Hockridge;1000118
WKP;3;31;James Sullivan;1000126
EDM;3;32;Jneroth Harslov;1000137
MAN;3;33;Kyle Ernst;1000012
TOR;3;34;Snap Virus;1100009
CGY;3;35;Jean-Francois Filion;1000043
MAN;3;36;Roman Andreev;1000083
MAN;3;37;Zack Gagnon;1000059
MAN;3;38;Jeffrey Howard;1000101
MAN;3;39;Patrick Ryan;1000016
VAN;3;40;Zack Bert;1000009
TOR;3;41;Joona Poukkanen;1100007
WPG;3;42;Michael Westen;1100010
EDM;3;43;Darren Ferraro;1000089
WKP;3;44;Carmine Pellone;1000003
CGY;3;45;Harl Elemmire;1000145
VAN;3;46;Rich Duff;1000029
VAN;3;47;Jakub Kornafel;1000042
MAN;3;48;Grant Dryden;1000108
VAN;3;49;Martin Bowmen;#N/A
CGY;3;50;Henry Lu;1100013
VAN;3;51;Zack Henning;1000120
HAM;3;52;Francois Marfo;1000112
TOR;3;53;Liam MacKay;1000104
WPG;3;54;Nathan Hoffman;1000122
EDM;3;55;Dr. Kenneth Noiswater;1000144
WKP;3;56;Laurabel Mba;1000180
EDM;3;57;Viari Latypov;1000037
MAN;3;58;Scott Boulet;1000011
VAN;3;59;Gianni Ciddio;#N/A
CGY;3;60;Brett Donovan;1000005
MAN;3;61;AJ James;1000288
HAM;3;62;Jaroslav Spoyaz;1000178
TOR;3;63;Philippe Brousseau;1000170
WPG;3;64;Matt Douglas;1000184
VAN;3;65;Steven Cote;1000181
WKP;3;66;Ryan Hesketh;1000274
VAN;3;67;Mike O'Reilley;1000162
WKP;3;68;Adam Scharfe;1000171
TOR;3;;Brad Steeves;1000164
VAN;4;1;Michael Abdalla;1000189
VAN;4;2;Jack Crasher;1000167
EDM;4;3;Joshua Botelho;1000151
HAM;4;4;Will Secord;1000168
HAM;4;5;Ronan O'Keefe;1000186
CGY;4;6;Marc-Andre Turcotte;1000148
VAN;4;7;Kody Clute;1000161
TOR;4;8;Kiernan Cassidy;1000152
WPG;4;9;Claudio Krejci;1000185
HAM;4;10;Roberto Martucci;1000150
VAN;4;11;Joshua Simmons;1100015
VAN;4;12;Daniel Malenfant;1000157
WKP;4;13;Sean Gallagher;1000188
WPG;4;14;TJ Barbeau;1000154
MAN;4;15;Matthew Boragina;1000149
WPG;4;16;Claude Malenfant;1000155
TOR;4;17;Vyacheslav Onoprienko;1000156
WPG;4;18;Radislav Hrivik;1000172
TOR;4;19;Serge Niles;1000191
CGY;4;20;Martin St Louis;1000158
WKP;4;21;Ryan O'Keefe;1000165
WPG;4;22;Lord Preston Stanley;1000190
MAN;4;23;Pavel Koradek;1000183
EDM;4;24;Jordan Okalik;1000177
CGY;4;25;Sergei Alexandrov;1000747
VAN;4;26;Greg Wilson;#N/A
MAN;4;27;Mikkel Holmer;1001072
CGY;4;28;Harvey Cartel;1000163
WKP;4;29;Chris Elwell;1100014
WPG;4;30;Zachariah Vetere;#N/A
HAM;4;31;Steven Stamkos;1000175
EDM;4;32;Chris Hernandez;1000179
TOR;4;33;Nicholas Botelho;#N/A
VAN;4;34;Sean Couturier;#N/A
MAN;4;35;Potato Chips;1000159
CGY;4;36;Benji Van-Sol;1000166
WKP;4;37;C.J Major;1000187
WPG;4;38;Nathan Thompson;#N/A
HAM;4;39;Cal Clutterbuck;1000173
EDM;4;40;Logan Burns;1000176
TOR;4;41;Jim Gow;1000199
VAN;4;42;Kevin Lager;1000194
MAN;4;43;Heywood Jablome;1000206
CGY;4;44;Justin Coleman;1000239
WKP;4;45;H. Ted;1000213
WPG;4;46;Andruss Sepp;1100016
HAM;4;47;Taylor Evans;1000226
EDM;4;48;Jared Fiumara;1100018
MAN;4;1000;Gareth Ramos;1000297
TOR;5;1;Danielle Hogan;1000234
CGY;5;2;Cam Wilson;1000204
CGY;5;3;Seth Plaut;1000201
MIN;5;4;Brodie Witzel;1000220
HAM;5;5;Peter Iannitelli;1000237
LAP;5;6;Eddie Fischermann;1000271
MAN;5;7;Quilha Agante;1000195
MAN;5;8;Jayson Hornet;1000245
WKP;5;9;Nicholas Mastromarino;1000210
CGY;5;10;Robert Spezza;1100026
CGY;5;11;Aidan Richan;1000216
TOR;5;12;Nick Fisher;1000296
LAP;5;13;Erik Chisling;1000212
MIN;5;14;Kyle Derringer;1100019
VAN;5;15;Jason Due;1000203
CGY;5;16;Kain Webb;1000229
WPG;5;17;Puneet Sekhon;1000301
MAN;5;18;Jas Brar;1000219
VAN;5;19;Marshall MacPherson;1000252
HAM;5;20;Michael Astorino;1000291
WKP;5;21;Robert Zygadlo;1000197
LAP;5;22;Frankie Gooseneck;1000230
CGY;5;23;Dave Vargo;1000200
TOR;5;24;Jeff Anderson;1000205
EDM;5;25;Jordan Banack;1000218
VAN;5;26;Sean Stevenson;1000208
HAM;5;27;Audun Wissink;1000209
WPG;5;28;Joey Teresi;1000241
WKP;5;29;Patrick Pelletier;1000202
TOR;5;30;Branden Cordeiro;1000244
HAM;5;31;Matt Kruze;1000294
TOR;5;32;Colton Skinner;1000233
CGY;5;33;Maximus Tiggarus;1000232
LAP;5;34;Frank Grimes;1000225
MIN;5;35;Jackson Turska;1000217
MAN;5;36;Ryan Powell;1000196
HAM;5;37;Matthew Sullivan;1000287
TOR;5;38;Hollywood Greg Dufour;1000223
MAN;5;39;Branimir Kopitar;1100022
WKP;5;40;Stanley Kendall;#N/A
EDM;5;41;Tom Jervis;#N/A
TOR;5;42;Vladislav Smirnov;1000236
EDM;5;43;Anton Novokoff;1000289
LAP;5;44;Eric Wolf;1000227
MIN;5;45;Ezekiel Turkkonen;1000215
VAN;5;46;Riccardo Coletta;1000240
HAM;5;47;Per-Johan Steen;#N/A
WPG;5;48;John McBride;1100017
WPG;5;49;Curtis Jenner;#N/A
WKP;5;50;Willie Burns;#N/A
EDM;5;51;Vish Grewal;#N/A
WKP;5;52;James Ashton;1000211
EDM;5;53;David Borsato;1000198
LAP;5;54;Chuck Norris;1000238
MIN;5;55;Giovanni Mortellaro;1000214
VAN;5;56;Trevor Crane;1000228
HAM;5;57;Carlos Verde;1100024
WPG;5;58;Vincent Vega;1000207
WPG;5;59;Mattias Malo;1000269
WKP;5;60;Yannick Poli;1000235
EDM;5;61;Marcus Mitchell;1000290
TOR;5;62;Jimmie Boice;1000224
EDM;5;63;Matt Cormier;#N/A
LAP;5;64;Ryan Datsyuk;#N/A
MIN;5;65;James Martin;1000222
VAN;5;66;Brandon Sawyer;1000192
HAM;5;67;Zack Curry;#N/A
WPG;5;68;Chuck Weird;1000221
MAN;5;69;Jesus Rivera;#N/A
WKP;5;70;Camillo DAntonio;1000242
EDM;5;71;Andy Sorensen;#N/A
TOR;5;72;Anti Pisani;1000243
EDM;5;73;Andrew Hart;1000302
LAP;5;74;Patrice Bergeron;1000247
MIN;5;75;Glenn Salchuk;1000272
VAN;5;76;Wild Terty;1000249
HAM;5;77;Tyler Moss;1000268
WPG;5;78;Ashton Boromando;1000251
MAN;5;79;Tim Santos;1000298
WKP;5;80;Dong Ngo;1000283
EDM;5;81;Mikko Saarela;1000357
MIN;5;1000;Jon Doran;1000285
LAP;6;1;Jed Mosley;1000293
CGY;6;2;Reggie Williams;1000266
VAN;6;3;Saku Perhonen;1000250
MIN;6;4;Zach Miller;1000018
LAP;6;5;Nicklas Svensson;1000262
WPG;6;6;Sergey Kovalenko;1000246
EDM;6;7;Dougie Brind'amour;1000295
HAM;6;8;Kevin LeBacon;1000276
MAN;6;9;Mike Ochocinco;1000265
WKP;6;10;Mikhail Svendson;1000270
MIN;6;11;Zach Myers;1000259
TOR;6;12;Bryan Danielson;1000248
CGY;6;13;Laraque Obama;1000261
MAN;6;14;Zach Voss;#N/A
MIN;6;15;Christoph Klose;1000267
WPG;6;16;Mini Uzy;1000256
EDM;6;17;Petr Klimek;1000264
HAM;6;18;Brendan Gibbon;1100027
MAN;6;19;Yuri Volkov;1000299
VAN;6;20;Thomas Duddy;#N/A
CGY;6;21;James Neugesbaur;1000254
MAN;6;22;Jay Beaulieu;1100025
CGY;6;23;Frank Fencepost;1000303
MAN;6;24;Adrian Jagger;1000278
LAP;6;25;Hank Powers;1100020
WPG;6;26;Derek Verbeek;1000286
CGY;6;27;Trent Stone;1000255
HAM;6;28;Tom Corcoran;1000300
MIN;6;29;Sean Hanley;1000279
WKP;6;30;Sven Anderson;1000263
WPG;6;31;Scott Ziller;1000304
TOR;6;32;Doug Light;#N/A
MAN;6;33;Jeff Daigle;#N/A
TOR;6;34;Robby Metcalf;#N/A
MAN;6;35;Craig Whatman;1100078
EDM;6;36;JacquesFrancois Gatineaux;1000253
WPG;6;37;Super Man;#N/A
EDM;6;38;Matt Larson;1000280
TOR;6;39;Santo Zenone;#N/A
VAN;6;40;Eric Hansen;1000292
VAN;6;41;Meik Konig;#N/A
VAN;6;42;Luke Stuart;#N/A
MAN;6;43;Michael Scott;#N/A
MAN;6;45;Captain Teemo;#N/A
TOR;6;46;Ryan Winters;#N/A
WPG;6;47;Mark Lynch;1000273
TOR;6;48;Tinkko Hartikknen;#N/A
HAm;6;49;Connor Holmden;#N/A
VAN;6;50;Enker Axl;1000311
WKP;6;51;Bradaslav Maunderov;1000305
VAN;6;52;Laton Romeo;1000315
LAP;6;53;Lucas Thom;1000335
HAM;6;55;Zack Kiffner;1000314
WKP;6;56;Tyrone Jackson;1000337
WPG;6;57;Tyler Boyes;1000324
HAM;6;59;TJ Jock;1000524
VAN;6;60;Alexei Chernov;1000322
WKP;6;61;Kevin Martin;1000336
WKP;6;;Sven Andersson;1000333
EDM;7;1;Elias Armia;1000340
WPG;7;2;Rashad Thomas;1000331
MIN;7;3;David Winter;1000307
HAM;7;4;Anton Wagner;1000332
EDM;7;5;Gabriel Johansen;1000341
EDM;7;6;Jarrko Vatinnen;1100029
MAN;7;7;Rachel Belmont;1000310
CGY;7;8;Tobias Funke;#N/A
MAN;7;9;Simon Aseplin;1000328
HAM;7;10;Jamie Rose;1000323
WKP;7;11;Tobias Mortensen;1000317
EDM;7;12;Julien Dupont;1000325
HAM;7;13;Kyler Lange;1000339
WPG;7;14;Johnny Dollaz;1000334
HAM;7;15;Tim Viola;1000318
MIN;7;16;Gene Parmesan;1000319
EDM;7;17;Jonas Gustavo;1000373
CGY;7;18;Frank Jiao;1000338
WKP;7;19;Andrei Dubnikov;1000320
HAM;7;20;GP Amodio;#N/A
MAN;7;21;Yuri Kulikov;1000313
MAN;7;22;Kurtis Hunter;1000329
TOR;7;23;Tyler Ragnarsson;1000309
WPG;7;24;Zach Cuff;#N/A
WKP;7;25;Marc Kuystad;1000321
MAN;7;26;Pavel Vure;#N/A
MAN;7;27;Brent Wood;#N/A
WKP;7;28;Magnus Risku;#N/A
EDM;7;29;Doug Stevenson;1000326
MAN;7;30;Jason White;1000330
VAN;7;31;Tyler Edwards;1000574
HAM;7;32;Nate Mercer;1000362
VAN;7;33;Andy Bugelli;#N/A
WPG;7;34;Luke Kinden;#N/A
WKP;7;35;Prince Zuko;#N/A
MAN;7;36;Cody Snow;#N/A
CGY;7;37;Marik Hamsik;#N/A
CGY;7;38;Jay Ayeles;1100034
LAP;7;39;Bill Willing;1000372
LAP;7;40;Alexei Borzkov;1000380
EDM;7;41;Olaf Ragnarsson;1000365
HAM;7;42;Richter Belmont;1000358
TOR;7;43;Cole Hogan;1000378
WPG;7;44;Freddy Soppet;1000374
VAN;7;45;Jamal Walker;1000352
VAN;7;46;Michael Torrey;1000381
WKP;7;47;Tyler Myers;1000351
WPG;7;49;Gabriel Koening;1000431
MAN;7;50;Paul Hurowitz;1000360
EDM;8;1;Antero Salmelainen;1000375
EDM;8;2;Sam Slade;1000348
HAM;8;3;Joe McKeil;1000367
MIN;8;4;Niclas Wastlund;1000359
HAM;8;5;Darian Scherbluk;1000377
EDM;8;6;Cole Reinhart;1000376
CGY;8;7;Jack Nero;1000349
WKP;8;8;Jaroslav Sekeras;1000363
WKP;8;9;Richard Metcalf-Kearns;1000345
WPG;8;10;Dennis Seidenberg;1000368
HAM;8;11;Mario Balotelli;1000379
EDM;8;12;Danglee Ciddzz;1000364
EDM;8;13;Jordan McArthur;1000391
WKP;8;14;Benjamin Wong;1000354
HAM;8;15;Yousuf Scherbluk;1100017
MIN;8;16;Blake Laflamme;1000353
CGY;8;17;Quinton Johnso;1002861
WKP;8;18;Chris McZehrl;1000346
LVK;8;19;Kane Smith-Pelley;1000495
WPG;8;20;Everett Taylor;1000382
TOR;8;21;Donnie Darko;1100033
MIN;8;22;Mike Williams;1000361
LVK;8;23;Swifte Schnieder;1000366
TOR;8;24;Christopher Raymond;1000423
MAN;8;25;Brian Wheat;#N/A
MAN;8;26;Carlos Verde;1000400
MAN;8;27;Teemu Kimiciek;#N/A
WKP;8;28;Taylor McDavid;1000370
HAM;8;29;Patrick Walsh;1000410
TOR;8;30;Alexander Kovalchuk;#N/A
MAN;8;31;Jules Barrie;#N/A
HAM;8;32;Bob Brown;1100035
TOR;8;33;Scott Escobar;1100032
LVK;8;34;Tom Gibson;1100037
LVK;8;35;Ken Spiak;1000350
HAM;8;36;Kent Jakobson;1000356
MAN;8;37;John Hagen;#N/A
CGY;8;38;Jacques Leveque;1000526
LVK;8;39;Brew Meister;1100012
HAM;8;40;Danny Richter;#N/A
WPG;8;41;Magnus Pulkkinen-Granlund;1000426
EDM;8;42;Ales Stach;1000383
MAN;8;43;Janne Helminen;1000419
LAP;8;44;Samu Viltonen;1000387
LVK;8;45;Karl Praller;1000385
LAP;8;46;Mark Mackenzie;1000425
MAN;8;47;D'Arcy Tomiczek;1000397
CGY;8;48;TheGreatMARTIN;1100038
WKP;8;49;Gunnar Stahl;1000393
HAM;8;50;Shane Kelley;1000420
WPG;8;51;Cody Hesse;1000403
TOR;8;1000;Grigori Pajari;1000414
MIN;8;;Daniel Passarella;1000404
WPG;9;1;Armin Brovalchuk;1000409
WPG;9;2;Willie Weber;467
HAM;9;3;Matthew Ekblad;1000392
CGY;9;4;Lucas Smith;1000415
EDM;9;5;Teemu Nurmi;1000449
HAM;9;6;Draco Malfoy;1000421
MIN;9;7;Harry Potter;1000396
MAN;9;8;Josef Heiss;1000447
LVK;9;9;Rayne Summers;1000390
HAM;9;10;Daniel Carlsson;1000405
MAN;9;11;John Grossmann;1000389
WKP;9;12;Taylor Nugent-Eberle;1100043
MAN;9;13;Reese King;1000408
HAM;9;14;Todd Brotuzzi;1000411
TOR;9;15;Charlie Serpe;1000445
CGY;9;16;Braden Carlzner;1100036
WKP;9;17;Julien Marshall;1000424
MIN;9;18;Markus Backlund;1000398
TOR;9;19;Phil Schenn;#N/A
LVK;9;20;Bryan Whisonant;#N/A
LAP;9;21;Mark Malyckyj;1000386
WPG;9;22;Camillo D'Antonio;1000464
MAN;9;23;Brian Wilson;#N/A
HAM;9;24;Oscar Hjalmarsson;#N/A
LAP;9;25;Noah Robinson;1000427
HAM;9;26;Michael Stich;1000401
EDM;9;27;Riku Showron;1000412
MIN;9;28;Cris Lakes;1000487
CGY;9;29;Jaska Tillikainen;#N/A
TOR;9;30;Onni Lehtinen;#N/A
LVK;9;31;Ryan Carlsson;1000422
WPG;9;32;Alex Galchenyuk;#N/A
WPG;9;33;Ogie Oglethorpe;1000402
WPG;9;34;Sven Deiss;#N/A
MIN;9;35;Dimitris Zeus;1000406
WKP;9;36;Valgard de Jong;1000413
MIN;9;37;Rob Bishop;1000432
LAP;9;38;Dave Pulford;1000443
MAN;9;39;Toby Keith;1000486
WKP;9;40;Justin Artibise;1000430
WKP;9;41;Max Biggavelli;1000440
EDM;9;42;Nick Bowman;1000476
MAN;9;44;Sebastian Porier;1000472
LAP;9;45;Ross Rhea;1000452
WKP;9;46;Yisrael Feigenbaum;1000448
LVK;9;47;Chris Franz;1000513
MIN;9;48;Lukas Chromiak;1000468
LAP;9;49;Jason Morgan;1000475
EDM;9;50;Erik Cole;1000442
MIN;9;1000;Ja'Far Dar;1000473
WPG;9;1000;Lance Uppercut;1100040
EDM;10;1;Michael Haan;1000461
NEW;10;2;Ivo Willems;1000477
TEX;10;3;Drizzy Drake;1000466
EDM;10;4;Alexander Andrezjeck;1100045
EDM;10;5;John Langabeer;1000436
WKP;10;6;Dean Clarke;1000467
TOR;10;7;Smirnov Light;1000460
LAP;10;8;Chris Partlow;1000434
LAP;10;9;Chad Levasseur;1000471
TOR;10;10;Joel Westbrook;1000451
HAM;10;11;Wes Mucyk;1000465
MAN;10;12;Jordan Nugent-Hall;1000459
MAN;10;13;Dickie Adua;1100042
HAM;10;14;Corey Tripp;1000463
EDM;10;15;Michael McKorsy Jr.;1000453
MAN;10;16;Benoit Charlebois;1000481
NEW;10;17;Jareth Sto Helit;1000484
TEX;10;18;Markus Dahl;1000444
MIN;10;19;Edwin Ask;1000439
WPG;10;20;Giovanni Mortallaro II;1000429
LVK;10;21;James Blaine;#N/A
MAN;10;22;Jason Michaels;1100041
WPG;10;23;Alex Smirnov;1000433
TOR;10;24;Chris Serpe;1000485
TOR;10;25;Logan Valentine;1100044
CGY;10;26;Dravius Kane;#N/A
MAN;10;27;Steven Esposito;1000455
LVK;10;28;Yehudah Ben-Lev;1000482
MAN;10;29;Buddy Christ;1000483
LAP;10;30;Caleb Reay;1000458
NEW;10;31;Jan Cross;#N/A
TEX;10;32;Nagy Galchenyuk;#N/A
WKP;10;33;Emily Holmes;1000428
WPG;10;34;Jackie Lee;1000488
WKP;10;35;Aldo Shcarps;#N/A
NEW;10;36;Alexei Bernitrov;1000456
HAM;10;37;Fabian Fuhrberg;1000441
CGY;10;38;Jen Phoenix;1000470
TEX;10;39;Scott McCall;1000454
CGY;10;40;Gregory Thompson;1000480
TOR;10;41;Braden Holtby;1000437
LAP;10;42;Puck Norris;1000446
NEW;10;43;Sid Patterson;1000542
TEX;10;44;Roddy Lee-Wright;1000502
MAN;10;45;Ryan Archer;1000457
LVK;10;46;LeBron King Gonzalez;1000494
LVK;10;47;Jack Knight;1000519
EDM;10;48;Tomas Novak;1000506
MAN;10;49;Jesse Enderle;1000518
CGY;10;50;Jaden Stefanov;1000516
MAN;10;51;Liz Giroux;1000517
EDM;10;52;Adam Banks;1000512
TOR;10;53;Kevin Eberle;1000508
LAP;10;54;Magnus von Vagnusson;1000514
NEW;10;55;Neil Burkholder;1100051
TEX;10;56;Terry Bullis;1000490
MIN;10;57;Patryk Zaryk;1000355
MAN;10;58;Joe Badalato;1000505
LVK;10;59;Shanye Steele;1000498
MAN;10;60;Corporal Asstronaut;1000529
HAM;10;;Jan Benda;1100048
MAN;10;1000;Meb Keflezighi;1000493
MAN;11;1;Simo Hayha;1000507
WKP;11;2;Benoit Fortescue;1000525
WPG;11;3;Brandon Donini;1000489
HAM;11;4;Rehn Miller;1000515
HAM;11;5;Roman Schultz;1000501
WKP;11;6;Luke Riggs;1000521
WKP;11;7;Dave Smith;1000499
NEW;11;8;Waldo Cezar Jr.;1100049
HAM;11;9;Shawn Swerin;1000530
CGY;11;10;Mike Verminski;1000503
MIN;11;11;Brady Hoperle;1000527
MIN;11;12;Emma Watson;1000502
NEW;11;13;Mac Hooper;1000520
MAN;11;14;Kyle Keenan;1000535
EDM;11;15;Jackson Spruill;1000532
LAP;11;16;Cyan Winters;1000496
LAP;11;17;Brandon Cant;1000497
NEW;11;18;Kaspar Abraham;1000533
MIN;11;19;Angelo Cerilli;1000491
LAP;11;20;Stefano Di Gennaro;#N/A
HAM;11;21;Curtis Larade;#N/A
CGY;11;22;Kari Barkov;#N/A
WPG;11;23;Ben Mical;#N/A
CGY;11;24;Justin Cunningham;#N/A
NEW;11;25;Takoda DeMarse;1000211
LVK;11;26;Cameron Gibson;#N/A
MAN;11;27;Oliver Harris;#N/A
EDM;11;28;Vinny Chezno;#N/A
CGY;11;29;Shanye Steele;#N/A
MIN;11;30;Alicia Keys;#N/A
HAM;11;31;Finnegan Larsson;#N/A
LVK;11;32;James Ryan;#N/A
LAP;11;33;Allan Stewart;#N/A
HAM;11;34;Drahoslav Kovar;#N/A
LVK;11;35;Joey Langdon;1000183
WPG;11;36;Jules Winnfield;1000500
LVK;11;37;Maxime Talbot;1000548
NEW;11;38;Brad Strahl;1000545
MAN;11;39;Dane Chef;1000553
NEW;11;40;Anthony Kovalchuk;1000541
MAN;11;41;Vladimir Karpilov;1000547
LAP;11;42;Marcus Mitchell;1100050
LAP;11;43;Michael Nowak;#N/A
MIN;11;44;Dylan Franson;1000539
WKP;11;45;Don Keeballs;1000552
HAM;11;46;Vladimir Smirnov;1000571
MIN;11;47;Bjorn Jonsson;1000568
WPG;11;48;Skip Boyd;1000561
MIN;11;49;Lukas Kahn;1000543
TOr;11;50;Corey Mountz;1000554
MAN;11;51;Simon Sayez;1000588
EDM;11;52;Steven Stamkos;1000540
CGY;11;53;Alex Tessler;1000628
WKP;12;1;Alexey Kovalenko;1000307
NEW;12;2;Ace Faulkner;1000544
LVK;12;3;Jrue Harden;1000557
LAP;12;4;Sven Wolf;#N/A
WKP;12;5;Shawn Velevra;1000347
TOR;12;6;Jamie Shetler;1000556
LAP;12;7;Ingemar Dahlquist;1000538
MAN;12;8;Dujuan Cook;#N/A
LVK;12;9;Robin Karlsson;1000655
MIN;12;10;Reinhold Dietrich;1000563
CGY;12;11;Erik Lehner;1000537
LAP;12;12;Adam Kylrad;#N/A
EDm;12;13;Nathan Wong;1000595
LVK;12;14;James Marushin;1000528
MAN;12;15;Nike Kickz;1000558
LAP;12;16;Jordan Bartow;1000559
LVK;12;17;Asuka Langley;#N/A
CGY;12;18;Johnny Dollaz;1000536
LAP;12;19;Claude Perron;1000578
LVK;12;20;Chucky Slick;#N/A
LVK;12;21;Chainsaw McGraw;#N/A
MIN;12;22;Jay Ayles;1000546
LVK;12;23;Argun Alfredsson;#N/A
LAP;12;24;Myron Goloubev;#N/A
CGY;12;25;Ryan Barrett;1000551
CGY;12;26;Orion Rampage;#N/A
TOR;12;27;Ruslan Zhargov;1000560
LAP;12;28;Phil Phaneuf;1000549
MAN;12;29;Cody Holloway;1000555
CGY;12;30;Connor Martindale;#N/A
EDM;12;31;Steven Stamkos2;#N/A
WPG;12;32;Brad Lavers;#N/A
WPG;12;33;Colt Cruz;1000565
MIN;12;34;Jake Ludwig;1000572
LAP;12;35;Josh Claus;1000575
MAN;12;36;Gurdas Maan;1000589
LAP;12;37;Vladimir Kyssmyice;1000591
NEW;12;38;SS;1000580
TOR;12;39;Ted Arviso;1000586
LAP;12;40;Norman Perry;1000564
MAN;12;41;Joe Dobbs;1100055
WKP;12;42;Juan Primo;1100053
EDM;12;43;Ze Strider;1100056
WPG;12;44;Lars Subban;1000639
TEX;12;45;PeterErik Zawchanowski;1000577
MIN;12;46;William Boubou;1000567
CGY;12;47;Ty Tie;#N/A
LAP;12;48;Nick Gruninger;1000570
WKP;12;49;Joseph Taylor;1000579
MIN;13;1;Christian Bauer;1000599
LVK;13;2;Matthew Buchesner;1000587
WKP;13;3;Tuomas Vitikka;1000576
WKP;13;4;Rufus Reinhart;1000590
LVK;13;5;Isabella EsparzaOsvaldson;1000600
TEX;13;6;Eustace Eustachian;#N/A
NEW;13;7;Adam Johansson;1000596
CGY;13;8;Ryan Haan;1000621
EDM;13;9;Jakub Aittokallio;1001830
TOR;13;10;Mika Aalto;1000569
WPG;13;11;Lauris Prikulis;#N/A
TOR;13;12;Jaden Button;1000601
LAP;13;13;Bohemund Hadrada;#N/A
LAP;13;14;Erik Karlsson;1000664
MIN;13;15;Brent Button;#N/A
LVK;13;16;Martin Walker;1000605
LAP;13;17;Benjamin Booth;1000602
MAN;13;18;Karl Tony;1000604
TEX;13;19;Armadillus Abernathy;1000626
LAP;13;20;OJ Simpson;1000614
TEX;13;21;Victor Ansev;1100054
TEX;13;22;Erik Lidstrom;1000608
TEX;13;23;Nobert Klein;1000609
MIN;13;24;Patrick Kunikov;1000623
LAP;13;25;Peyton Miller;1000618
NEW;13;26;Cooper Bradley;1000670
HAM;13;27;Marcus Jones;1100059
LVK;13;29;Jerome Igginsta;1000606
LVK;13;30;Roland Wollf;1000616
MAN;13;31;Wowbagger the Infinitely Prolonged Jr. III;1000603
CGY;13;32;Theo Pucak;1000625
LVK;13;35;Brendan Galchenyuk;1000627
WPG;13;36;Beast;1000624
NEW;14;1;Chuck Winnfield;1000622
LAP;14;2;Marian Potoczny;1000613
NEW;14;3;Carter O'Callahan;1000647
WKP;14;4;Ammon Tutankamun;1000637
HAM;14;5;James Reimer;1000594
HAM;14;6;Hans Schultz;1000665
HAM;14;7;Steven Jalopski;1000617
WPG;14;8;Michael Barrett;1000593
NEW;14;9;Gabriel DuJardin;1100065
HAM;14;10;Emils Vilmenietis;1000445
TOR;14;11;Urijah Winnfield;1001820
TOR;14;12;Ondrej Ravchitikov;1100064
WKP;14;13;John Anderson;1001819
LVK;14;14;Daniel Merica;1001811
WPG;14;15;Shawn Kelly;1000687
MIN;14;16;Daisuke Katsu;1000598
EDM;14;17;Belial;#N/A
WPG;14;18;Jason Smith;1000597
LAP;14;19;Brian Morley;1000693
WPG;14;20;Mitch O'Callahan;1000661
MAN;14;21;Xander Mole;1000649
MIN;14;22;Nick Bouchard;1000691
MAN;14;23;Mike Hawk;1000629
EDM;14;24;Robert Paulson;1000696
MIN;14;25;Markus Lokt;1000651
HAM;14;26;Jordin FourFour;1000679
HAM;14;27;Cris Lakes;1000666
LVK;14;28;Enrich Brundahl;1000660
MIN;14;30;Sergei Bobrovsky;1000671
LVK;14;32;Steven Vitakis;1100057
WPG;14;33;Damien Giannotti;1000640
LAP;14;34;Lars Andersen;1000631
MIN;14;35;Jagr Meister;1000674
MAN;14;36;Michael Nichalex;1000667
MAN;14;37;Brandon Lesyk;1000634
TOR;15;1;Logan Court;1000645
EDM;15;2;Mikhail Krivokrasov;1001809
WKP;15;3;Barnabas Hoff;#N/A
LAP;15;4;Victor Helstrom;1000641
TEX;15;5;Lionel Byrde;1000672
LVK;15;6;Mikhail Klando;1000652
WKP;15;7;Jim Lahey;1001786
LVK;15;8;Jesse Jacek-Kix;1100062
MAN;15;9;Ezekiel Cook;1000648
EDM;15;10;Riko Muerto;1000806
WPG;15;11;Paavo Lepist?;1000646
WKP;15;12;Jermaine Tennyson;1000662
MIN;15;13;Jamal Tiggs;1100060
CGY;15;14;Krists Zommers;1000657
LVK;15;15;Reinis Lillais;1000663
EDM;15;16;Randy Bobandy;1000686
TEX;15;17;Marc McLaughlin;1000650
CGY;15;18;Kriss Labsvards;1000668
LAP;15;19;Gregor Schweinsteiger;#N/A
CGY;15;20;Sandijs SiliÅ†Å¡;1000636
MIN;15;21;Ste Hux;1001816
WPG;15;22;Kevin Marleau;1000656
MAN;15;23;Arthur Grosberg;#N/A
LVK;15;24;Josh Leobshe;#N/A
MIN;15;25;Eric White;1001812
MAN;15;26;Knight Sir Lancelot Bois;#N/A
LVK;15;27;Alens Paurs;1001787
MAN;15;28;Justin Case;1000700
LVK;15;29;Spicy Curry;#N/A
LAP;15;30;C.J. James;1001789
LVK;15;31;Paul King;1000638
MAN;15;32;Erik Nilsson;1000632
WPG;15;33;Rob King;#N/A
MAN;15;34;Pavel Chekov;1000659
MAN;15;35;Jason Joe;1100058
LVK;15;36;JÃ¡ra Cimrman;#N/A
MIN;15;37;Nikolai Niemiets;#N/A
WKP;15;38;Justin Bieber;1000684
LVK;15;39;Jeremy Schultz;1000630
WKP;15;40;Tank Costello;1000692
TOR;15;41;PASSED;1000689
LAP;15;42;Annabell Pearl;1000694
LVK;15;43;Hattrick Schwayze;1000683
CGY;15;44;Chad Young;1000682
WPG;15;45;Kaspars Stromanis;1000685
MAN;15;46;Duncan McCockiner;1000695
NEW;15;47;Robb Wells;1000727
TEX;15;48;Prime Time;#N/A
MIN;15;49;Eriks Starodumovs;1000703
WKP;15;50;PASSED;1000706
LVK;15;51;Jorens Stepanovs;1000697
EDM;15;52;Blowjob Jesus;1000722
TOR;15;53;PASSED;1100075
LAP;15;54;PASSED;1000709
LVK;15;55;Hans Downerpantz;1000723
CGY;15;56;Morgan Diamond;1000731
WPG;16;1;Maxim Horvat;1000698
MAN;16;2;Azriel Stryfe;1001791
MIN;16;3;Tom Sawyer;1000690
TBB;16;4;Snowden Manning;1100068
WPG;16;5;Slava Boominen;1000688
LAP;16;6;Niklas Stryker;1000726
WPG;16;7;Issa Khan Jr.;1000715
MAN;16;8;Brooklyn Carter;1001794
CGY;16;9;Janis Vitols;1100067
NEW;16;10;Quentyn Blackfyre;1001793
WKP;16;11;Yechiel Ben-Tzion;1001796
WPG;16;12;Ryan Raycroft;1001795
MAN;16;13;Craig Iginla;1001816
LAP;16;14;Peter Vayne;#N/A
CGY;16;15;Roberts Birkavs;1001034
TBB;16;16;Peter Parker;1001818
WPG;16;17;Mattias Viiannen;1000676
MIN;16;18;Bradley Wingels;1000708
CGY;16;19;Jamie Seguin;1000707
WKP;16;20;Corey Trevor;1001792
CGY;16;21;Brick Wall;1000677
WKP;16;22;Alexandre Daigle;1100203
MAN;16;23;Buddy Thomas;1001790
MIN;16;24;Craig Stewart Jr.;#N/A
TBB;16;25;Derrick Webster;1000758
WPG;16;26;Milo Ethier;#N/A
LAP;16;27;Mr. Puck;1001810
TBB;16;28;Ryan Spearing;1001817
WPG;16;29;Ayden Barrett;1000711
LAP;16;30;Justin Bieber;1000183
MIN;16;31;Rob Wells;1000717
TBB;16;32;Charlie Conway;1000729
LAP;16;33;Yevgeny Davydenko-Slepyshev;1000702
MIN;16;34;Cliff Paul;1000724
MIN;16;35;Rick Nash;1000712
MIN;16;36;George Pannu;1000764
MAN;16;37;Rick O'Malley;1000734
MIN;16;38;Kwame White;1000716
LAP;16;39;Ivan Stoppuhk;1000713
EDM;16;40;Matiss Daniels Kokins;1000728
MIN;16;42;Ricards Galickies;1000725
MIN;16;43;Uvis Zommers;1100070
NEW;16;44;Felix Alexandre;1000720
CGY;16;45;Justin Saltel;1000742
NEW;16;46;Jared Ramsey;1000730
MIN;16;47;Kevin Savage;1000732
MIN;16;50;Steven Stamkos;1000760
MIN;16;1000;Jarkko Kallestrom;1100073
SEA;16;1000;Dustin Rose;1000736
MAN;16;1000;Sterling Slade;1000710
TEX;17;1;Chico Salmon;1002763
MIN;17;2;Walter White;1000814
CGY;17;3;Matej Stransky;1000714
WPG;17;4;Max McDonald;1001835
MAN;17;5;Kein Monesti;1000663
TBB;17;6;Vladimir Bodnar;1000767
MIN;17;7;Saoul Commeunebotte;1000719
TOR;17;8;Maleek Junior;1000733
HAM;17;9;Magnus Jakobsen;1000704
MAN;17;10;Simeon Mars III;1100206
WPG;17;11;Mr. Feeny;1000701
MIN;17;12;Gustav Grimm;1000761
TEX;17;13;Slevin Kelevra;1000763
LAP;17;14;Marlo Stanfield;1000783
HAM;17;15;Volker Bayer-Holtby;1000737
WPG;17;16;Jean-Pierre Leroux;1000776
TBB;17;17;Chara Brojled;1000745
HAM;17;18;Kevin Griffin;1000740
WPG;17;19;Jamers Both;1000759
MIN;17;20;Thor Ludvigsen;1000748
LAP;17;21;Janis Krumins;1000750
EDM;17;22;George Costanza;1000770
WPG;17;23;Patrick Toews;1000739
MIN;17;24;Shane Walsh;1000779
CGY;17;25;Erik Nilsson;1000752
LAP;17;26;Billy Derlago;1001012
TBB;17;27;Rico Salmon;1001839
WPG;17;28;Karl Jenkins;1000755
NEW;17;29;Jordan Eberle;1100092
NEW;17;30;Leah Parise;1000741
NEW;17;31;Connor McDavid;1001790
TEX;17;1000;Xavier Gauthier;1000749
LAP;18;1;Jhonas Skarsgaard;1000184
WPG;18;2;Vidrik Onoprienko;1000788
TBB;18;3;Thomas King;1000753
CGY;18;4;Esa Anrikkanen;1001849
WKP;18;5;Oliver Pettyfer;1000653
TOR;18;6;Hermione Granger;1000751
CGY;18;7;Miles Berger;1100076
MAN;18;8;Roy Razin;1000822
TEX;18;9;McLovin;1000787
TOR;18;10;John Luther;1000738
MAN;18;11;Charlie Schenn;1001854
NEW;18;12;Lars Slinger;1000758
CGY;18;13;Bronsen Zerchai;1000756
LAP;18;14;Zanis Zarins;1000778
HAM;18;15;Elvis Smulans;1000815
WPG;18;16;Johan Swanstrom;1000784
TOR;18;17;Jordan Cousins;1000768
LAP;18;18;Mathias Lundgren;1000781
NEW;18;19;Yaroslav Brosteen;1100077
HAM;18;20;Matiss Daniels Kokins;1100079
MIN;18;21;Ryan Jordan;1000780
EDM;18;22;Joshua Botelho;1000769
MAN;18;23;"Clyde ""Shadow"" Arrowny";1000771
TOR;18;24;Turd Ferguson Jr.;1100074
WPG;18;25;Ingus Grigorjevs;1000811
TBB;18;26;Allens Paurs;1000423
HAM;18;27;Teemu Smulander;1100072
WPG;18;28;Andre Pfosten;1000313
MAN;18;29;Valts Pavasars;1000790
EDM;18;30;Tyler Stropko;1000775
NEW;18;31;Keith Doughty;1000782
LAP;18;32;Girts Valdmanis;1000773
TEX;18;33;Uvis Zommers;1001855
HAM;18;34;Tyler Yzerman;1001872
MIN;18;35;Sandis Sprunks;1100083
TOR;18;36;Nick Harper;1001868
EDM;18;1000;Magnus Vikstrand;1001874
MIN;19;1;Ryan Sullivan;1001873
NEW;19;2;Martins Daugavins;1000785
WKP;19;3;Zallerras Szlerchek;1000828
LAP;19;4;Jackson Weekes;1000818
WKP;19;5;Colin Schmidt;1000799
CGY;19;6;Miikka Granlund;1000816
MIN;19;7;Jonathan Kane;1000801
NEW;19;8;Marek Vyskoc;1000849
TOR;19;9;Dymo Ranjan;1000840
TEX;19;10;Liam Kinsler;1000798
NEW;19;11;Ken Spiak;1000824
NEW;19;12;Aboud Chamas;1000803
TOR;19;13;Nate Mercer;1000832
TBB;19;14;Nicholas Flamel;1000791
NEW;19;15;Kaspars Tsizling;1000845
TEX;19;16;Connor LeMeul II;1000850
TOR;19;17;Tyler Hartman;1000825
MAN;19;18;Kenton Kane;1000866
WPG;19;19;Jamal Starr;1000847
TOR;19;20;Mike Schmidt;1000804
WPG;19;21;Daniel Acker;1000805
TOR;19;22;Landon Dresnar;1000833
LAP;19;23;Niklas Svensson;1000870
TOR;19;24;Kayl Kuzie;1000905
MAN;20;1;Chuck Goody;1000864
WKP;20;2;Bojo Biscuit;1000827
NEW;20;3;Benjamin Reid;1000837
HAM;20;4;Friedrich Muller;1000820
NEW;20;5;Niklas Wikstrom;1000826
MIN;20;6;Jamie Hawkins;1000797
NEW;20;7;Nathan Russell;1000819
NEW;20;8;Sam Samsinov;1100082
TBB;20;9;Mikko Koskinen;1000844
CGY;20;10;Sachimo Zoidberg;1000808
WKP;20;11;Jed Lloren;1000846
MIN;20;12;Pedro Sarantez;1000823
TOR;20;13;Kristian Eriksson;1001006
LAP;20;14;Adrian Thomaz;1000809
WKP;20;15;Bryson Thomaz;1001897
EDM;20;16;Jackson Rogers-Tanaka;1100080
TOR;20;17;Barney Stinson;1000821
CGY;20;18;Gil Lemar;1000838
LAP;20;19;Valterri Bottas;1000898
NEW;20;20;Dean Colt;1000795
TOR;20;21;Toki Wartooth;1000794
NEW;20;22;Keith Trubachev;1000863
EDM;20;23;Mark Longford;1000862
MAN;20;24;Jaden Maxfield;1000813
NEW;20;25;Blake Sherrill;1000793
WKP;20;26;Aviad Ratzon;1000867
WKP;20;27;John Heimer-Schmidt;1000843
NEW;20;28;Le Scucker;1000853
WPG;20;29;Jed Hackert;1000857
MAN;20;30;Arton Laxk;1000802
TOR;20;31;Chester Cunningham;1000810
LAP;20;32;Alexander Kj?rberg;1000361
NEW;20;33;Yuri Boyka;1000796
TBB;20;34;Clay Parker;1001905
NEW;20;35;Jakub Krejci;1000829
HAM;20;36;Griffin Simons;1001904
TOR;20;37;James Adkins;1001910
HAM;20;38;Jakob Tanner;1001919
WKP;20;39;Kari Kekkonen;1001898
TEX;20;40;Brian O'Rourke;1000230
TOR;20;41;Axel Reid;1001903
TOR;20;42;Nicholas Pedersen;1000211
CGY;20;43;Deacon Douglas;1000830
LAP;20;44;Jackson Hauke;1000831
NEW;20;45;Christophe Bourgeois;1001908
LAP;20;46;Shinji Kudryashov;1001918
WPG;20;47;Kodiak Clark;1001030
NEW;20;48;Elyk;1001033
WPG;20;49;Sasha Alexei Smirnov;1000860
MIN;20;50;Nick Carlzner;1000835
TOR;20;51;Jacob Cunningham;1100081
TEX;20;52;Gryck Rhobinson;1000865
HAM;20;53;Franklin Trey;1000856
TOR;20;54;Scott Escobar;1000851
CGY;20;55;Merit Csonka;1000048
LAP;20;56;Christian Blauch;1000861
MAN;20;57;Carl Sledgehammer;1000877
TBB;20;58;Cedric Gambetta;1000869
MAN;20;59;Aleksander Holliday;1000880
TBB;20;60;Aston Martin;1000852
TOR;20;61;Barb Lahey;1001935
MIN;20;62;Matt Kruze;1001922
HAM;20;63;Andrei Barndyk;1000836
TEX;20;64;Marcus Mitchell;1000841
MAN;20;65;Taylad Deenikov;1000854
MAN;20;66;Alexandre Sauve;1001932
CGY;20;67;Chris Fekete;1000910
TBB;20;70;Andrew Gilmore;1000855
TBB;20;72;Barney Tuzis;1000868
WPG;20;73;Robert Chelios;1000834
MAN;21;1;Tommy Creller;1001943
MIN;21;2;Alonzo Garbanzo;1000901
CGY;21;3;Hunter Wong;1000873
EDM;21;4;Theo Kane;1001055
HAM;21;5;Rider Clitsome;1001942
LAP;21;6;Marek Martinek;1100085
TBB;21;7;Sean Leonidas;1001933
TBB;21;8;Vsevolod Nikitin;1001014
TOR;21;9;Edge Ochocinco;1001931
WPG;21;10;Patrik Satan;1100084
LAP;21;11;Etienne Modano;1001929
TEX;21;12;Sterling Knight;1100219
TOR;21;13;Henrik Englund;1001013
LAP;21;14;Chris Johnson;1001048
CGY;21;15;Jaime Hill;1000839
MIN;21;16;Dolph Ziggler;1000897
HAM;21;17;Michael J Caboose;1000878
HAM;21;18;Sage Tanner;1000911
HAM;21;19;Cameron Urbowicz;1000887
WKP;21;20;Yoezer Ben-Zercharia;1000885
WPG;21;21;Andre Martushev;1100087
WPG;21;22;Karol Kuzmin;1000871
EDM;21;23;Oliver Metcalf;1000900
MIN;21;24;Jorma Ruutu;1001962
NEW;21;25;Charlie Winchester;1000903
MAN;21;26;Peter Gasparino;#N/A
MIN;21;27;Pas Chien;1000892
WPG;21;28;Rob Pressen;1000906
WKP;21;29;Dildoen DaKunt;1100095
LAP;21;30;Alexander Volkov;1000957
LAP;21;31;Gregory Lazaro Jr.;1000872
HAM;21;32;Antero Pelkonen;1100088
MAN;21;38;Doug Sheehan;1001969
TOR;21;40;Leo MacKinnon;1000888
WKP;21;41;Downey Townington;1000886
TOR;21;42;Garrett Aarson;1000928
WPG;21;46;Anthony Falone;1001953
LAP;21;1000;Fredrik Wastlund;1000902
LAP;22;1;Mariusz Kwik;1000891
TOR;22;2;Pierre-Luc Laflamme;1002747
WPG;22;3;Drew Myers;1000876
HAM;22;4;Bubba Nuck;1000943
HAM;22;5;Nils Wahlstrom;1000953
TOR;22;6;Mark Harter;1000896
MIN;22;7;Chernika Banananov;1000927
LAP;22;8;Jigsaw McGraw;1000951
TOR;22;9;Andrey Barbashev;1001945
TBB;22;10;Pavel Bursyuk;1000889
HAM;22;11;FORFEITED;1000894
WKP;22;12;Ales Smirnov;1100102
TBB;22;13;Brandon Pomery;1001018
TBB;22;14;Valdemorts Karlensons;1001948
WPG;22;15;Alex Mack;1001955
MIN;22;16;Trill;1001049
NEW;22;17;Adam Demko;1001956
LAP;22;18;Truck Stoker;1001952
LAP;22;19;Moosejaw Boudreau;1000933
MAN;22;20;Zach Morgan;1000909
NEW;22;21;Derek Underscore;1000926
MIN;22;22;Luka Zaitsev;1000915
WPG;22;23;Steve Linkos;1000912
WKP;22;24;Danny Sexbang;1001978
TBB;22;25;Kian Hamilton;#N/A
MAN;22;26;Thomas Anderson;1000917
WPG;22;27;Big Manius;1001001
CGY;22;28;Jordan Uptuck;1000942
MAN;22;29;Stacker Pentecost;1000956
LAP;22;30;Tanner Carter;1000923
LAP;22;31;Mike Abell;1100089
CGY;22;32;Tucker O'Callahan;1000921
LAP;22;33;Rayan Pitaniya;1001061
TBB;22;34;Sigge Clausson;1000914
WKP;22;35;Noah Jackson;1000971
TEX;22;36;Conn Thomson;1000937
CGY;22;40;Alex Fischer;1000920
WKP;22;41;Seth Ryder;1001973
NEW;22;45;Armands Jaks;1001971
TBB;22;46;Danny Phantom;1001988
HAM;22;47;Siegfried Slayer;1001986
HAM;22;;David Webb;1000459
WPG;22;1000;Rembrandt Q. Einstein;1001050
TOR;23;1;David Benson;1001047
WKP;23;2;Viktor Svensson;1001993
TEX;23;3;Asborn Alexanderson;1000929
CGY;23;4;Fernando Pergher;1001011
CGY;23;5;Michael Boychuk;1001983
TOR;23;6;Bjorn Knutsen;1001984
NEW;23;7;FORFEITED;1000665
WPG;23;8;Bryce Collins;1001979
TEX;23;9;Vladimir Lidstrom;1001972
EDM;23;10;Hans Ponsen;1001991
LAP;23;11;Toms Berkis;1100231
TBB;23;12;Martins Ziepins;1001008
LAP;23;13;Erik Lundqvist;1000984
NEW;23;14;Butch Buckley;1000993
TBB;23;15;Dr. Timeturner Whooves;1000955
CGY;23;16;Schnitinfritz Jagr;1000959
TOR;23;17;Pal Vikingstod;1001003
WKP;23;18;Slappy McDoodle;#N/A
NEW;23;19;Connor O'Reilly;1000972
WPG;23;20;Shane O'Ferghall;1100098
CGY;23;21;Liam Neeson;1100101
TOR;23;22;Nazar Nichushkin;1000986
CGY;23;23;Michael Warnick;1000947
MAN;23;24;Steven Esposito;1000944
TOR;23;25;Johnny Bravo;1000985
WPG;23;26;Nick D'amico;1100097
CGY;23;27;Maxim Golubev;1000987
CGY;23;28;The Carl Mountain;1001081
TBB;23;29;Cole Rogers-Tanaka;1001244
TBB;23;30;OJ Simpson Jr.;1000939
NEW;23;31;Roman Costa;1000925
WPG;23;32;Mike Hawk;1000945
WKP;23;33;Goat Curry;1001022
TOR;23;34;Walt Disney;1000949
LAP;23;35;William Kvarnvall;#N/A
MAN;23;36;James Beatley;#N/A
TOR;23;1000;Lukas Johnson;1000940
CGY;24;1;Randy Randleman;1000919
WKP;24;2;Damien Wert;1002010
TOR;24;3;Beau Ballard;1001035
WPG;24;4;Mitchell Dambach;1001023
HAM;24;5;Brandon Girard;1002065
HAM;24;6;Patrick Brumm;1001032
HAM;24;7;FORFEITED;1100099
NEW;24;8;Buster Killington;1000958
NEW;24;9;Earnest Ciarelli;1100093
MAN;24;10;Kyle Prince;1001119
EDM;24;11;Adam Abodobe;1002076
CGY;24;12;VLAD McZehrl;1001086
MIN;24;13;Winston Windsor;1002071
WKP;24;14;Anton Fedorov;1001083
TEX;24;15;Igor Ogorodnikov;1001126
EDM;24;16;Richard D'amour;1001039
TOR;24;17;Shea Robinson;1000964
TOR;24;18;Nick Leier;1000982
WKP;24;19;Klaus Wagner;1001062
LAP;24;20;Kaapo Kekkonen;1000950
TBB;24;21;Reginald Howard;1001041
MAN;24;22;Mirko Antonio Scuderi;1001031
WPG;24;23;Ray Pejonis;1000948
WPG;24;24;Patrikov Bure;1001040
CGY;24;25;Elvis Libra;1000999
WKP;24;26;Fife Gibbs;1002020
MIN;24;27;Paska Jakaitis;1001080
WKP;24;28;Naeem Chamas;1001000
NEW;24;29;Hoyt Harper;1000978
TBB;24;30;Sum Ting Wong;1001088
TOR;24;31;Ashe Moon;#N/A
LAP;24;32;Shayne Gow;1001036
TBB;24;33;Tyler No Nerves;1001064
MAN;24;34;Yorgen Bartenberry;1000970
TOR;24;35;Lee Bowden;1001104
TBB;24;36;Ivar Ogorodnikov;1000983
WKP;24;38;Ryan Woito;1001002
WPG;24;40;Chris McGregor;1001028
TBB;24;45;Stevie Swag;1001029
NEW;24;48;Curtis Crawford;1000954
HAM;24;55;Teddy Bear;1100103
TBB;24;57;Mattias Wahlstrom;1001027
NEW;24;60;Sparks Lightning;1000990
SEA;24;1000;Jack Burton;1001054
TBB;25;1;Evandrus Jesster;1002028
NEW;25;2;Jasper Clayton;1001026
BUF;25;3;Robb Wind;1001069
WKP;25;4;Maria Maximova;1001100
NEW;25;5;Lord Pretty Flacko;1000094
CGY;25;6;Michael Burch;1000961
EDM;25;7;Ivan Koroviev;1001096
TEX;25;8;Travis Kudleychuk;1001133
CGY;25;9;Leon Webb;1001253
WPG;25;10;Luke Fleming;1001043
TEX;25;11;Geoffrey Allen;1001037
NEW;25;12;Zack Hoover;1001995
TOR;25;13;Cynthia Taylor;1002009
HAM;25;14;FORFEITED;1002032
NEW;25;15;Chris Welch;1001111
TOR;25;16;Adam Falk;1001024
SFP;25;17;Nikolaus Scholz;1001079
CGY;25;18;Jonathan Lundberg;1000952
TBB;25;19;Ryan King;1002864
TBB;25;20;John Matthews;1001121
MIN;25;21;Kristjan Vilhjalmsson;#N/A
NEW;25;22;Jack Durden;1000989
BUF;25;23;DJ Stanley;1000996
WPG;25;24;Austin Lemieux;1001084
NEW;25;25;Roman Morenov;1100094
EDM;25;26;Fredrik Zavstrom;1000505
LAP;25;27;Alexander Wolff;1000988
NEW;25;28;William Hendrickson;1000973
NEW;25;29;Julie-Anne Marshall;1001058
MIN;25;30;Michael Gerrard;1001065
WKP;25;31;Tony Flow;1001129
EDM;25;32;Ross Burke;1001057
SFP;25;33;Matt Veenstra;1001067
TOR;25;34;John Wick;1001095
MAN;25;35;Mario Nyquist;1001070
BUF;25;36;Rostislav Pirozhkov;1001056
WPG;25;37;Tim Tebow;1100109
TEX;25;38;Sergei Volchenkov;1001155
WPG;25;39;McLaren Nasher;1001098
MIN;25;40;Jukka-Emil Vanaja;1001099
LAP;25;41;Michael Ferkland;1001046
WPG;25;42;Johnny Cahill;1001082
NEW;25;43;Jack Reacher;1001020
SFP;25;45;Andris Bukss;1100100
BUF;25;46;Thong Bonerstrom;1001068
TOR;25;48;Stefan Nussbaumer;1100105
TOR;25;49;Hugh Johnson;1001073
MAN;25;50;Bastien Salabanzi;1001034
EDM;25;52;Hunter Bob;1001112
TEX;25;53;Eichel Jordan;1001072
MAN;25;54;Clive Stonehands;1001075
BUF;25;59;Kyle Cobb;1001094
TBB;25;62;Mac Hooper;1001105
EDM;25;68;Rick Chleb;1001044
NEW;25;70;Colin Wood;1001113
TEX;26;1;Wyatt Wollker;1001997
NEW;26;2;Mainio Makinen;1001115
LAP;26;3;Conall Macleod;1001108
HAM;26;4;Cody Black;1001097
BUF;26;5;Eoin MacGregor;1000841
LAP;26;6;Kristoffer Ruud;1001996
NEW;26;7;Tim Buckner;1001138
HAM;26;8;Mikelis Grundmanis;1002008
EDM;26;9;Brett Broadway;1001021
LAP;26;10;Clayton Fuller;1001045
TEX;26;11;Steve French;1001999
TEX;26;12;Tony Pellegrino;1001060
HAM;26;13;Patrick McEichel;1001093
WPG;26;14;Scott Robertson;1100232
SFP;26;15;Sven Karlsson;1001087
LAP;26;16;Christoffer Bjornsson;1001009
SFP;26;17;Ignant Ogorodnikov;1001015
MIN;26;18;Robert Andersson;1002024
BUF;26;19;Jordan Mack;1001171
MIN;26;20;Charlie Conway;1002022
WPG;26;21;Petr Kolesnikovs;1001010
TOR;26;22;Potato Chips;1001071
EDM;26;23;Clayton Goode;1001106
LAP;26;24;Mattias Holmberg;1001066
TBB;26;25;Sekkusu Gan;1001172
HAM;26;26;Don Pellegrino;1001063
LAP;26;27;Carter Rosston;1002043
WPG;26;28;Carson Shmyr;1001124
SFP;26;29;Alphonse Oduya;1100108
BUF;26;30;Aleksander Stromberg;1001135
TEX;26;31;Rick James;1100104
TOR;26;32;Dolph Ziggler;1001128
BUF;26;33;BJ Subban;1100106
TBB;26;34;Taystee Poussey;1001077
MIN;26;35;Sludge;1001125
MAN;26;36;San Pellegrino;1001117
HAM;26;37;Ben Klinkhammer;1002049
CGY;26;38;Justin Novastar;1001175
TBB;26;39;Alexei Orlov;1001109
MIN;26;40;Ben Troy;1001114
WKP;26;41;Nicholas Hall;1002035
WPG;26;42;Inigo Cook;1002056
BUF;26;45;Maverick Mitchell;1001140
WKP;26;51;Ezekiel Zunino Jr.;1001101
WKP;26;55;Jimybob Bam;1001160
WPG;26;56;Mike Ross;1001103
NEW;26;58;Corey Eaves;1001123
BUF;26;59;Niall Brannan;1001085
MIN;26;1000;Evgeni Karpotsov;1001078
SFP;27;1;Krysztof Kowalski;1002040
MAN;27;2;Chris Crutchfield;1001134
MIN;27;3;Scotty Reay;#N/A
LAP;27;4;Montel Vontavious Porter;1100118
MIN;27;5;Lord Vader;1001245
BUF;27;6;Hannu Hamalainen;1001205
NEW;27;7;Raven Silverwing;1001191
MAN;27;8;Selena Bauer;1100127
CGY;27;9;Shane Gagner;1001146
WKP;27;10;Matt Lewis-Flood;#N/A
TOR;27;11;Dane Rowe;1001092
WPG;27;12;Lukas Berger;1001076
TBB;27;13;Sim Browski;1001091
NEW;27;14;Riley McDonald;#N/A
SFP;27;15;Maximilian Wachter;1001127
TOR;27;16;Kylo Ren;1001122
TEX;27;17;Alexander Charlyb'y;1100117
EDM;27;18;Jaxson Reynolds;1001154
SFP;27;19;Riley Mason;1001131
BUF;27;20;Arik Mikita;1001120
WKP;27;21;Brian Wade;1001163
TOR;27;22;William Fedorov;1002077
LAP;27;23;Sesugh Uhaa;1001110
CGY;27;24;Reinis Aumeisters;1001118
MAN;27;25;Wendell Luna;1001224
NEW;27;26;Dickie Pecker;1002083
TBB;27;27;Eugene Feist;1002066
TBB;27;28;Bernie Sanders;1001169
WPG;27;29;Leo Yakimov;1001152
WPG;27;30;Alexander Sorensen;1001136
MIN;27;31;FORFEITED;1001277
MAN;27;32;Jacob Andrews;1002062
EDM;27;33;Sven Bartok;1002073
WPG;27;34;Alfred Holiday;1002064
NEW;27;35;David Dvorak;1002080
WKP;27;37;Julius Sylvia;1001193
WKP;27;38;Richard Douglas;1001281
MIN;27;39;FORFEITED;1002079
BUF;27;46;Elias Lehner;1001170
TEX;27;47;Zach Zyvleski;1100242
BUF;27;50;Danny Ridley;1002068
SFP;28;1;FORFEITED;1001278
NEW;28;2;BENNETT JONES;1001284
MAN;28;3;GUNNAR RASK;1100240
TBB;28;4;MICHAEL McFADDEN;1100107
NEW;28;5;MIA LANDVIK;1100116
LAP;28;6;JACKSON CARTIER;1100239
HAM;28;7;MARC-ANDRE MOREAU;1001090
WKP;28;8;MIKKO LINNA;1001132
LAP;28;9;WILJIAN ZJANG;1001143
SFP;28;10;KJELL EIDE;1001149
TBB;28;11;QUINN STEVENSON;#N/A
TBB;28;12;PRINCE DANIEL JAMES;1001192
HAM;28;13;SAINT JERICHO;1001159
MAN;28;14;XAVIER LAINE;1001174
SFP;28;15;RISING HIPPO;1001164
NEW;28;16;DIETER DOMINIQUE;1001153
WPG;28;17;MARC-ANDRE MALKIN;1001157
TOR;28;18;ALEXANDER ODEGAARD;1001309
WPG;28;19;JOHNNY WATSON;1001226
MAN;28;20;JUSSI RUUTU;1001196
WPG;28;21;WESLEY WELLS;1001379
SFP;28;22;LEVI KUBRAK;1100113
NEW;28;23;HUNKY MONKEY;1001180
NEW;28;24;RICHIE PECKER;1002114
TBB;28;25;KALID DERMOT;1001207
TBB;28;26;PABLO BIZNETTE;1002098
TOR;28;27;JHIN;1001314
TOR;28;29;WILLIAM MARNER;1002101
HAM;28;31;ADAM GREENHOLM;1002102
SFP;28;32;DENIS LEVER;1002116
MIN;28;35;DUFFY HELLMAN;1100245
HAM;28;41;KEN KENNEDY-ANDERSON;1002100
NEW;28;44;Mikke Laukkanen;1002099
MAN;28;45;JHONAS VILLE;1002126
BUF;28;46;COREY HIXENLONG;1001349
BUF;28;53;JONAS STATKUS;1001327
BUF;28;60;STEVE BUTABI;1100111
BUF;29;1;Nicolas Winter;1001130
SFP;29;2;FORFEITED;1001158
MAN;29;3;Hans Moleman;1002107
LAP;29;4;Sebastian Strange;1002105
LAP;29;5;Leif De Bruin;#N/A
TBB;29;6;Harry Hans;#N/A
NEW;29;7;Mikael Talo;1100114
LAP;29;8;Maximus Sarone;1001211
LAP;29;9;Cleo Green;1001186
TBB;29;10;Ilmari Maatta;1001161
HAM;29;11;Alex Berkis;#N/A
WPG;29;12;Fedor Shirobokov;1001232
CGY;29;13;Richard C. Hocolate;1001230
HAM;29;14;Casper Jakobsson;1001188
BUF;29;15;Dos Diablo;1001167
SFP;29;16;Barak Obrana;1001183
BUF;29;17;Edvins Berzins;1001254
TBB;29;18;Jack Dabkowski;1001209
CGY;29;19;Kristians Rozentals;1001184
TBB;29;20;Gorlab;1001198
WPG;29;21;Michael McHale;1001346
TOR;29;22;Triforce Link;1002130
CGY;29;23;Darian Tupper;1001216
NEW;29;24;Aronne Zamloch;1001179
BUF;29;25;Lenard Ramsey;1001199
WPG;29;26;Patriks Porzingis;1001257
BUF;29;27;Stinkywink DuPooPoo;1001231
MIN;29;29;Sivy McSieve;1100115
MIN;29;32;Alessandro Fondente;1001194
LAP;29;33;Felix Herzog;1001233
TOR;29;36;Randolph Grey;1001181
BUF;29;40;Sergei Fedorin;1001292
WKP;29;41;N/A;1001177
SFP;29;42;N/A;1001210
BUF;29;43;Casey Holmes;1001162
LAP;30;1;Jean-Luc Reflieux;1001214
BUF;30;2;Nolan Angello;1001236
WKP;30;3;Ty Justice;1001287
SFP;30;4;FORFEITED;1002132
LAP;30;5;Blake Battle;1001203
MIN;30;6;Jon Ross;1001200
BUF;30;7;Steven Stamkos Jr.;1100123
SFP;30;8;Kelly Rivet;1100138
TBB;30;9;Viatcheslav Orlov;1100124
NEW;30;10;Jason Forbrook;1001145
TOR;30;11;Colin Banning;1100137
MAN;30;12;Nucky Toohoots;1001173
HAM;30;13;Ben Dover;1002139
CGY;30;14;Maverick O'Dooley;1001176
TBB;30;15;Frontdoor McGraw;1001225
TEX;30;16;Conklin Owen;1001187
BUF;30;17;Theodore Graham;1100129
SFP;30;18;Karl Hertzberg;1100122
NEW;30;19;Cara Hohenberg;1001238
TEX;30;20;Danny Foster;1100126
MAN;30;21;Kimmo Lokinen;1001222
SFP;30;22;Justs Sirmais;1001242
CGY;30;23;Rhaegar Targaryen;1001182
MAN;30;24;Matthew Shea;1001235
TBB;30;25;William Goddard;1001234
BUF;30;27;Master Maguku;482
NEW;30;28;Filip Granlund;1001217
WKP;30;29;Tapper Kottbulle;1001240
LAP;30;30;Victor Lindstrom;1001227
MAN;30;31;DarryL Landry;1100119
TEX;30;32;Anatoly Yanovich;1001239
MAN;30;34;Serj Kovalchuk;1001259
LAP;30;35;Frans Erichsen;1001394
SFP;30;36;Evgeny Yakikov;1001206
MIN;30;38;Oskar Molmsten Jr.;1100128
TOR;30;39;Rough Cockburn;1001255
WPG;30;48;Ace Dafoe;1001204
TEX;30;50;Jean Chretien;1001241
TBB;30;51;Carter Fleury;1001266
TOR;30;53;Buster Hymen;1001248
HAM;30;55;Carl Farris;1001252
TEX;30;64;Winston Porter;1001392
SFP;30;1000;Beau Bent;1001197
WKP;31;1;Pietra Volkova;1001237
BUF;31;2;Eduard Selich;1001273
SFP;31;3;Olli O'Koivu;1100120
MAN;31;4;Jason Aittokallio;1001223
WPG;31;5;Zach Evans;1001274
LAP;31;6;Timo Haas;1001265
TBB;31;7;Trevor Wilson;1001290
WPG;31;8;Jason Visser;1002151
MAN;31;9;Ace Redding;1001247
HAM;31;10;Ludwig Koch Schroder;1001264
HAM;31;11;Brennan Kennedy;1001246
CGY;31;12;Joe Kurczewski;1001243
SFP;31;13;Alexis Metzler;1100121
TOR;31;14;Alex Reed;1001345
TBB;31;15;Ronnie Westbrook;1001352
HAM;31;16;Ben Waters;1001178
HAM;31;17;Taro Eichelele;1001208
NEW;31;18;Toivo Kosonen;1100125
WPG;31;19;Niklas Flower;1000541
SFP;31;20;Geronimo Otto;1001271
TEX;31;21;Georgette Pel;1001270
TEX;31;22;Adam Kaiser;1001305
BUF;31;23;Brynjar Tusk;1001398
HAM;31;24;Martin Svensson;1001229
WKP;31;25;Kristofer Hallfredsson;1001228
TEX;31;26;Reed Laing;1001295
TBB;31;27;Michael Burrows;#N/A
WPG;31;28;Colton Hagan;1001258
HAM;31;29;Kornel Kasparek;1001375
WPG;31;30;Corey Bearss;1001190
LAP;31;31;Matthew Leetch;1002159
TOR;31;32;Jeff Kirkstone;1001249
HAM;31;33;Ieuan Llewellyn;1001250
SFP;31;34;Joey Ryan;1001272
NEW;31;35;Ryan Vas;1001301
LAP;31;36;Tord Yvel;1001300
HAM;31;37;Frankie Latta;1001285
BUF;31;38;Marc Leclerc;1001333
WKP;31;39;Alex Light;1001262
CGY;31;40;Nathan Russett;391
BUF;31;41;Isaac Kaiser;1001299
MAN;31;42;Ekaterina Rudnikova;1002201
MAN;31;43;Greta Iversen;1001282
CGY;31;44;Marcos Maciel;1002184
BUF;31;45;Cikgnar Konstantinov;1001354
TOR;31;46;Jacob Renninger;1001283
HAM;31;47;Stephen Harris;1001276
MAN;31;48;Sven Wolf;1002186
LAP;31;49;Henrik Vikstrom;1001337
TBB;31;50;Frederick Boone;1100133
WPG;31;51;Vasily Horvat;1001260
NEW;31;52;Adriana Starosta;1001297
WKP;31;53;Kip O'Callahan;1000947
WKP;31;54;Solaire Azarov;1001338
WKP;31;55;Travis Jeziak;1001317
TOR;31;56;Alexsander Komarov;1001212
HAM;31;57;Jari Sinikka;1002190
SFP;31;58;HYLYTYR NORETORNABLE;1001304
BUF;31;59;Steven Pham;1002198
LAP;31;60;Brock Bailey;1002178
SFP;32;1;Max Weber;1002182
HAM;32;2;Kyle Kylrad;1100136
HAM;32;3;Luke Atmey;1002196
SFP;32;4;Teodors Cukurs;1002183
TBB;32;5;Cory Knouse;#N/A
HAM;32;6;Taro Tsujimoto;1001326
WKP;32;7;Kristy O'Sullivan;1001286
MIN;32;8;Samee Iqbal;1001322
MIN;32;9;Terrance Nova;1001291
CGY;32;10;Sepp Reiter;1001261
TBB;32;11;Matthew Rossi;1000440
MIN;32;12;Derrick Glover;1001310
SFP;32;13;Jean Girard;1002220
SFP;32;14;Brandon Gauthier;1001318
SFP;32;15;Noctis Caelum;1001386
WPG;32;16;Alek Koivu;1001324
TBB;32;17;Vincent Garland;1002207
SFP;32;18;Ernesto Castro;1001312
SFP;32;19;Radisk Rodders;1002211
MIN;32;20;Viktor Nerokov;1001311
SFP;32;21;Sami Free;1001289
HAM;32;22;Vlad McZehrl;1001288
SFP;32;23;Derek Grejzcyk;1100151
WKP;32;24;Leafer Rielly;1001275
MIN;32;25;Byron Knox;1001391
TOR;32;26;John Markie;1001303
HAM;32;27;Trick Edwards;1001313
BUF;32;28;Jace Smith;1002213
BUF;32;31;Ted McDonald;1001296
LAP;32;34;Tomas Csonka;1002219
WKP;32;49;Charlotta Caspari;1001344
TBB;32;53;Joe Gray;1100143
SFP;33;1;Veli Kaalinpaa;1001320
TOR;33;2;FORFEITED;1001341
BUF;33;3;Viktor Vorkampfer;1001302
BUF;33;4;Tommy Salami;1001308
WPG;33;5;Isaac Cormier-Hale;1002212
SFP;33;6;Teemu Sirius;1001315
MIN;33;7;Lochlann O'Rourke;1001403
WKP;33;8;John Langabeer;1002209
TBB;33;9;Caelan Fearghal;1002217
MIN;33;10;Eero Hamalainen;1001316
TOR;33;11;Chris York;1001400
NEW;33;12;Michael Walker;1002204
WKP;33;13;Harper Wright;1002216
CGY;33;14;Ryan Strathairn;1001355
TEX;33;15;Zanarkand Abes;1002218
TOR;33;16;Fletcher Carric;1100171
TBB;33;17;Zinaida Titova;1100135
BUF;33;18;Dante Gallo;1002208
TOR;33;19;Jack Dodds;1100253
CGY;33;20;Thaddeus Prince;1002202
TOR;33;21;Zander Rhys;1001448
TOR;33;22;Olli Ojala;1001307
MAN;33;23;Rurik Razin;1001390
NEW;33;24;Tim Elliot;1001319
EDM;33;25;Stuart Minkus;1001328
MIN;33;26;Halfdan Thorstein;1001387
TOR;33;27;Otto Lahti;1001335
HAM;33;28;Smirnov Light Jr.;#N/A
NEW;33;29;Sebastian Thompson;1001513
MIN;33;30;Yuriy Starkonov;1001348
TBB;33;31;Teddy Kesler;1001401
NEW;33;32;Noah Stevenson;#N/A
WPG;33;33;Lukas Muller;1001343
TEX;33;34;Joonas Rasmussen;1001393
MIN;33;35;Aaron Crawford;1002252
WKP;33;36;Asvard Lyszczarczyk;1001342
HAM;33;37;Maricis Kalvis;1002230
LAP;33;38;Vinny Marino;1002249
BUF;33;39;Charles Walker;1001353
HAM;33;40;Taemin Gede;395
HAM;33;41;Sami Sirius;1002247
HAM;33;42;John Zoidberg;1002243
MAN;33;43;Crossfit Jesus;1002235
TOR;33;44;Gail Kapperkanen;1001366
HAM;33;45;Max Russakoff;1100299
BUF;33;46;Patrick Diehl;1002251
MIN;33;49;Robin Wexter;1001306
SEA;33;51;Blowjob Jesus Jr.;1100255
LAP;33;52;Bojan Filipovic;1002764
BUF;33;60;Jack Grey;1002239
HAM;34;1;Jakub Trocheck;84
TEX;34;2;Eddie Andrezjeck;1001381
HAM;34;3;Noro Wozy;1001382
NEW;34;4;Xander Green;278
BUF;34;5;Dani Forsberg;1001367
NEW;34;6;Brett Kennedy;621
BUF;34;7;FORFEITED;#N/A
WKP;34;8;Vratislav Zbynek;1001361
SEA;34;9;Roddy Hawkins;1100141
MAN;34;10;Hermanis Villy;1001376
TOR;34;11;FORFEITED;1001379
LAP;34;12;Matthew Auston;1001364
CGY;34;13;Finn Larsson;1001409
NEW;34;14;Vesa Perhonen;1001372
TOR;34;15;Elias Lindstrom;#N/A
MIN;34;16;Rambo;1001347
CGY;34;17;Emiya Shirou;1100140
WPG;34;18;Stefan Digrio;1002276
HAM;34;19;Jimmy Wagner;1001334
WPG;34;20;Riley Jako;1001323
WKP;34;21;Declan Reilly;1001362
WKP;34;22;Ellie Werenski;1002274
TBB;34;23;Cameron Dubois;1001438
EDM;34;24;Bartholomew Cechove;1001413
TOR;34;25;Nick Dupuis;1001389
HAM;34;26;Robert Haugen;1001564
HAM;34;27;Landon Boeing;1100131
EDM;34;28;Janis Doro;1001424
TEX;34;29;Luca Meier;1100152
HAM;35;1;Robert Phelps;1002263
HAM;35;2;Angelo Odjick;1002237
WKP;35;3;Finn Kruger;1002271
EDM;35;4;Mike Izzy;1002272
TBB;35;5;Louie Garrett;1001399
LAP;35;6;Sophia Bennett;1001441
TOR;35;7;Forfiet;1001325
MIN;35;8;Scotty Steele;1002262
WPG;35;9;Artom Zhumbayev;1001350
CGY;35;10;Chuck Goody Jr.;1002267
EDM;35;11;Fedor Shirobokov;1002261
EDM;35;12;Shoyu Kikkoman;1002259
LAP;35;13;Chris Smulander;1001680
MIN;35;14;Cam Ouellette;1001421
BUF;35;15;Forfiet;1001396
WKP;35;16;Trucker Grogan;1001407
EDM;35;17;Carrick Murray;1001638
EDM;35;18;Daedric Heikennin;1001373
EDM;35;19;Spitfire;1001360
MAN;35;20;Niklaus St. Croix;1001437
TOR;35;21;Jack Hansen;1001369
MIN;35;22;Tomas Toothsome;1001415
WPG;35;23;Wolf Von Hammersmark;1001308
TBB;35;24;Maurizio Arrivabene;1001414
TEX;35;25;Indesvara Magar;1001402
NEW;35;26;Khet Chupp;1001370
NEW;35;27;Aleksandr Aleksandrov;1001374
WKP;35;28;Ryan Richter;1001363
BUF;35;29;Jordin FourFour Jr.;1001419
EDM;35;30;Jay Beagle Jr.;1002295
HAM;35;31;Yuri Bakos-Markov;1001527
SFP;35;32;Jack Dore;1001470
MAN;35;33;Johnson Jack;#N/A
MIN;35;34;Hoid Wit;1001404
MIN;35;36;Jake Sanders;1001392
WPG;35;37;Gord McKenzie;1001567
NEW;35;40;Alexandre Lebeau;1001397
MAN;35;42;Sterling Slaughter;1001408
TBB;35;47;Maxwell Andrews;1001395
MAN;35;56;Suri Uedo;1001416
MAN;35;70;Kevin St. Lauren;1001451
MIN;36;1;Isak Odegard;1001418
HAM;36;2;Nour Harrak;1001433
NEW;36;3;Oisin Fletcher;1002306
EDM;36;4;Tigole Bitties;1002275
HAM;36;5;Oliver Konig;1002312
WPG;36;6;Karl Hefeweizen;1002310
HAM;36;7;Dwayne Wyder;1001505
WKP;36;8;Luisa Koller;1002734
HAM;36;9;Sami Owens;1002282
CGY;36;10;Roman Augustus;1002287
NEW;36;11;Lukas Muller;532
LAP;36;12;Ben Turska;1002302
LAP;36;13;Yuri Boyka Jr.;1001336
SFP;36;14;Clint Eastwood;1001420
CGY;36;15;Casey Creller;1001443
TBB;36;16;Mercer Church;1001429
EDM;36;17;Chippy Chiclets;1000833
EDM;36;18;Bar Downski;1001351
WKP;36;19;Dionyz Vyskoc;1002303
WPG;36;20;Seth Paige;1002296
BUF;36;21;FORFEITED;1100261
WKP;36;22;Ted Glass;1001388
TEX;36;23;Colton Hagan;#N/A
HAM;36;24;Finn Jakobsen;1002281
MIN;36;25;Eric Pelletier;1100142
CGY;36;26;Teddy Cuddles;1001439
NEW;36;27;Cloud McCarthy;402
TOR;36;28;Dakota Reid;313
WKP;36;29;Inari Twain;1001535
SFP;36;30;Joseph Lombardi;1100145
TBB;36;31;Gilfred Alfredsson;1001440
MIN;36;32;Francesco Bellucci;306
TOR;36;33;Lizzy Jukka;1001431
SFP;36;34;Dean Youngblood;1000417
HAM;36;35;Mathias Victorsson;1001467
HAM;36;36;Chase Byron;1001790
MIN;36;37;Mikelis Ozolins;1001459
LAP;36;38;Mark Ruggeri;1002317
EDM;36;39;Sebastian Costa;1002322
SFP;36;40;Evgueni Marmeladov;1100144
TBB;36;41;Dawong Ho;1001502
TOR;36;42;Joakim Lindqvist;1001442
WPG;36;43;Vijanupatan Singh;1002334
TBB;36;44;Alexander Zajac;1001457
SFP;36;45;Kevin Marks;1100159
MIN;36;46;Dean Colt;1002331
MAN;36;47;Chuck Bernstein;#N/A
SFP;36;49;Matthew Rossi II;1001449
MAN;36;50;Arthur Dayne;1100156
LAP;36;52;Dominik Tretiak;1002325
TOR;36;56;Tabarnak Fleur-De-Lys-LaPoutine;1002328
HAM;36;57;;1001568
EDM;36;59;Mikhail Kapralov;1001359
MAN;36;61;Coren Volden;1002324
HAM;37;1;Connor Tanner;#N/A
SFP;37;2;Jack Tanner;1002327
EDM;37;3;Hercules Rockefeller;#N/A
EDM;37;4;Shaun Stephens;38
HAM;37;5;Jay Bae;1001507
WKP;37;6;Sven Brokstad;303
EDM;37;7;Tor Tuck;1001456
TOR;37;8;Blabar Bananerstrom;1001489
MAN;37;9;Xavier LaFlamme;472
SFP;37;10;Logan Jensen;1001478
EDM;37;11;Matiss Daniels Kokins;1100167
BUF;37;12;Tommy Barlow;298
NEW;37;13;Christian Petersen;1001468
SFP;37;14;Zemgus Nylander;367
TBB;37;15;Johnny Yuma;1001506
EDM;37;16;Barbie Tanner;1001482
CGY;37;17;Anze Barbashev;15
CGY;37;18;Jurgis Bulota;478
BUF;37;19;Timmy Barlow;1002361
BUF;37;20;Ben Holtby;665
CGY;37;21;Alexander McKinley;1001523
TBB;37;22;Sven Neiderreiter;1001499
TBB;37;23;Teppo Lehtonen;1001491
TOR;37;25;Roberts Klavins;1001444
BUF;37;26;Hans Oldrich;1001538
WKP;37;29;Angelo Williams;1100187
BUF;37;30;Jill Jellybeanov;1002373
MAN;37;32;Sam McGrizzley;1001532
TOR;37;35;Yami Bakura;1001664
BUF;37;36;FORFEITED;1002381
MAN;37;37;Jamie Bryan;1002362
WKP;37;1000;Beaujeaux Biscuit;533
TEX;39;1;FORFEIT;1002376
BUF;39;2;Fredrich Koenig;1100158
LAP;39;3;Karno Gronkjaer;1002379
EDM;39;4;Brady McIntyre;1100157
WKP;39;5;Karsten Kadinger;1001524
TOR;39;6;Mikhail Lokitonov;1001677
TOR;39;7;Bob Bergen;1001656
TOR;39;8;Richard Physt;1001501
NEW;39;9;Julian O'Sullivan;1001497
TOR;39;10;Tommy Tuck;1001522
MIN;39;11;Jon Tellofsen;1002375
WPG;39;12;Gary Grease;193
CGY;39;13;Ostap Maksimov;1001569
NEW;39;14;Patrick Brumm Jr.;1001531
BUF;39;15;Viktor Marius;1002364
TBB;39;16;DeMaricus Smyth;1002356
TBB;39;17;Jacob Dorty;1001510
TBB;39;18;Liam O'Callaghan;341
TEX;39;19;Paddy O'Sullivan;1100163
LAP;39;20;Markus Meliodas;1002374
LAP;39;21;James Johnson;1002360
NEW;39;22;Jim Elliot;1001537
WPG;39;23;Max Poulin;330
CGY;39;24;Friedrich Schmidt;1100177
MIN;39;25;Grayson St. Raegan;1002378
SEA;39;26;Brock Becker;1001447
CGY;39;27;Michael Fischer;1001464
CGY;39;28;Fenton Uriel;1002372
BUF;39;29;Kyle Keenan Jr.;1002370
LAP;39;30;Jon Toner;1001477
BUF;39;31;Jake Forke;1001471
EDM;39;32;Cedric Moreau;1001446
TBB;39;33;Guts O'Bigbers;1002369
SFP;39;34;Chris Partridge;1001577
WKP;39;35;Mikhail Petrikov;1001453
TBB;39;36;Deku Izuku;349
WPG;39;37;Tony Snow;1001428
LAP;39;38;Geoff Higgins;113
EDM;39;39;Yannick Berger;354
TOR;39;40;Carter Manning;1001461
BUF;39;41;Viktor Kolesnikovs;258
TOR;39;42;Anders Christiansen;1001474
BUF;39;43;Ryan Gardiner;#N/A
TBB;39;44;Kolja Seppanen;1001466
TEX;39;45;Marcus Shane;1001425
TBB;39;46;Doc DiGreasi;1001488
HAM;39;47;Romualds Loks;1001509
TOR;39;48;Ti-Guy Emond;1001536
HAM;39;49;Freddie LaFlame;1002344
TBB;39;50;Peter J. Walker;1001476
NEW;39;51;Grease La Roache;1002339
CGY;39;52;Gustav Helzberg;1001436
MIn;39;53;Sebastien Primeau;1001469
TBB;39;54;Reece Artois;1001483
SFP;39;55;Hans Gruber;1001426
TBB;39;56;Samuel McVay;1001508
BUF;39;57;Konstantin Kostoyevskiy;#N/A
TOR;39;58;Filip Armstrong;1002343
EDM;39;60;Elias Svensson;1001435
BUF;39;61;Benis Smol;1001463
LAP;39;62;Jack Parker;1001432
TBB;39;64;Hypolact Asia;1001500
SFP;39;66;Niklas Mueller;1001480
TBB;39;70;Baron O'Beefdip;1002354
EDM;38;1;Connor Blackwell;1002345
TOR;38;2;Bobby Watson;1100264
MIN;38;3;Dick Skillstedt;1100150
HAM;38;4;Lyndis Vakarian;1002346
NEW;38;5;Artemi Berezin;1100160
BUF;38;6;Nico Gross;1001486
WKP;38;7;Gabriel Wong;1001703
CGY;38;8;Hunter Jones;#N/A
TEX;38;9;FORFEIT;1001627
TEX;38;10;The Dude;1001496
BUF;38;11;Kevin Hamilton;1002355
WKP;38;12;Dermot Lavelle;1001445
LAP;38;13;Joshua Woodcroft;1100149
SFP;38;14;Sigurd Hansen;1100186
TEX;38;15;Delon Ishii;1001411
MAN;38;16;Elias Petersson;1001481
NEW;38;17;Giuseppe Risolo;276
EDM;38;18;Svatoslav Bodnar;512
SFP;38;19;Kyler Gill;1001511
TOR;38;20;Paddy Kane-Reilly;#N/A
BUF;38;21;TJ Bayley;#N/A
WKP;38;22;Howie Dewitt;351
EDM;38;23;Noah Norup;172
TOR;38;24;Chase McGuardian;1001558
LAP;38;25;Maurice Picard;1001493
BUF;38;26;Quick Mafs;192
TOR;38;27;John Grossman Jr.;1001504
TBB;38;28;Anuj Radia;1001530
WKP;38;29;Danny Mete;1002473
EDM;38;30;Dude Love;378
TBB;38;32;Hugo Blanchard;1001492
NEW;38;33;Hinga Dinga Durgen;1002388
SFP;38;34;Marietta McCafferty;1002384
SFP;38;36;J.R Richie;1001616
TEX;38;37;Damien Blackfyre;1002400
TEX;38;38;Wuma Duce;1002385
MAN;38;39;Your Overlord;1002383
TBB;38;40;FORFEIT;1001555
TOR;38;41;Nolan Snipez;1002391
SFP;38;42;Oliver Hunter;1002401
SFP;38;43;Miro Jokinen;1002396
EDM;38;44;Wayne Hetzky;1001556
TEX;38;45;Dustin Evans;281
LAP;38;48;Mark Stewart;1100166
TOR;38;55;Mark Raney;1001553
BUF;38;1000;Tatu Makela;717
BUF;40;1;Conor McGregor;1002399
CGY;40;2;Otis B. Driftwood;1100269
TEX;40;3;Iam Essellemm;1002389
TOR;40;4;Luuk Kraaijkamp;1002403
SFP;40;5;FORFEIT;1100268
TEX;40;6;FORFEIT;1001472
TOR;40;7;Florence Clijsters;1001585
TBB;40;8;Ensio Kalju;1001479
CGY;40;9;Jack Daniels;1001473
TBB;40;10;Blaine McElroy;#N/A
NEW;40;11;Manuel Gotze;216
WPG;40;12;Kire Yelkrab;1001545
LAP;40;13;Mikkel Haugen;492
MIN;40;14;Radovan Hudec;#N/A
MAN;40;15;Reginald Rove;137
TOR;40;16;Gilmore Tuttle;1001565
BUF;40;17;Daddy Mack;209
TBB;40;18;Michael O'Dowd;#N/A
NEW;40;19;Viktor Valentine;251
MAN;40;20;Paz Tappers;1001528
MAN;40;21;Asti-Tabarnak Fleur-De-Lys-Lapoutine;199
MAN;40;22;Quinn Cullen;1001592
MAN;40;23;Eri Arai;1001589
SFP;40;24;Rainier Cartwright-Davis;264
SFP;40;25;Jackson Conklin;1002405
SFP;40;26;Daniel Garland;1001549
WPG;40;27;Jean-Luc Picard;1001554
CGY;40;28;Shooter McGavin;1002417
TEX;40;29;Walter Hobbs;1002404
TEX;40;30;James Dekens;1001557
BUF;40;31;GOD McZehrl;1002419
TOR;40;32;Greg Connors;1002424
TOR;40;33;Aleksandr Aleksandrov Jr.;1100164
BUF;40;34;Papa Huligans;1001644
MAN;40;38;Crystal Roy;1100169
LAP;40;39;Grim Wastlund;1001613
WPG;40;40;Jensen Trygg;181
WPG;40;42;Markus Kane;61
NEW;40;53;Max Hansen;505
WPG;40;54;Andrew Hawkins;307
MIN;40;56;Chad Butler;1001580
BUF;41;1;Flacko Lagerfield;1001573
NEW;41;2;Alex Andani;1001619
NEW;41;3;Piotr Czerkawski;145
SFP;41;4;FORFEIT;340
MAN;41;5;Reginald MacIntyre;1001520
LAP;41;6;Lightning Jones;67
NEW;41;7;Kristaps Ball;535
TBB;41;8;Daniel Danill;148
WKP;41;9;Dayymo Ralchankinov;133
LAP;41;10;Mattias Enqvist;1001576
TBB;41;11;Benjamin Blue;1001575
EDM;41;12;Xavier Paquette;1002453
MIN;41;13;Muhammad McLovin;1001612
CGY;41;14;Kata Vilde;62
BUF;41;15;Kevin Maddox;1002455
BUF;41;16;Cash Savage;1100172
NEW;41;17;Matej Elias;1001647
MAN;41;18;Cody Johansen;1002431
WKP;41;19;Rahotep Tutankhamun;#N/A
MAN;41;20;DabCity Savage;1001607
NEW;41;21;Doug Dimmadome;1002422
TBB;41;22;Jussi Hammanen;1001716
BUF;41;23;Greg Santos;1100271
TBB;41;24;Gordie Maple;1001552
TOR;41;25;Steven Moore;#N/A
BUF;41;26;Steve McGirthensons;#N/A
TEX;41;1000;Daniel Karlsson;405
NEW;42;1;Rafe Ulrich;1002454
TBB;42;2;Herb Robert;1001594
TEX;42;3;Harvey Danger;1002480
TOR;42;4;Jordan von Matt;147
MAN;42;5;Maui;70
HAM;42;6;Eriks Skalbergs;152
MAN;42;7;Sachimo Zoidberg Jr.;491
MAN;42;8;Tokek Takshak;442
MIN;42;9;Geoff Moore;21
TEX;42;10;Noah Konn;1002465
HAM;42;11;Geezus Kryyst;236
WPG;42;12;Troy McCLure III;160
MAN;42;13;David Kastrba;1001705
TBB;42;14;Scottey Crawfling;171
TBB;42;15;Buck Maverick;612
EDM;42;16;Soren Kierkegaard;1001617
WKP;42;17;Rowdy Smithers;165
HAM;42;18;Boris Denisovich;1001596
MAN;42;19;Cameron Carter II;1002482
NEW;42;20;Pingy Pingu;357
BUF;42;21;Willis Vincent;376
MAN;42;22;Justin Siddals;1002472
TBB;42;23;Noah Nowes;476
HAM;42;24;Kyle Korbett;1001614
HAM;42;25;Vladimir Vaskov;1001574
SFP;42;26;Karl Von Wittelsbach;310
LAP;42;27;Nico Wallner;409
MIN;42;28;Ricky Lewis;1001725
TOR;42;32;Mason Brown;1
MAN;42;33;Pass[/b];415
NEW;42;34;Pass[/b];144
SFP;42;42;Charlie Schieck;410
MIN;42;51;Johannes Bauer;1001694
SFP;43;1;Leshaun King;471
MAN;43;2;Oliver Kovacs;1001657
SFP;43;3;Luke Thomason;423
HAM;43;4;Tig Murphy;1001668
SFP;43;5;Goku Muerto;1002464
WPG;43;6;Lil' Manius;1002476
LAP;43;7;Philipp Winter;1002466
BUF;43;8;Hippo Passamus;#N/A
TEX;43;9;Kiko Rytmeyr;60
WKP;43;10;Rex Kirkby;1002478
MAN;43;11;Alex Winters;1001599
HAM;43;12;Pierre Laroche-Durocher;1001678
NEW;43;13;Maximilian Egger;463
CGY;43;14;Nicky Pedersen Jr.;1001603
MAN;43;15;Kristof Kovacs;1002460
NEW;43;16;Johannes Leitner;1002479
HAM;43;17;Andrew Martin;1001689
TBB;43;18;Pavel Pivonka;1002459
MIN;43;19;Eero Niemi;1100176
WPG;43;20;Ignatius Blunt;1001673
LAp;43;21;Marco Raanteli;1002474
WPG;43;22;Nicholas Williams;#N/A
TEX;43;23;Kevin Kazarian;1001683
MAN;43;24;Sulak O'Hritea;1001559
EDM;43;25;Tony Pepperoni;1001625
SFP;43;26;Jeff Brogen;1001710
TBB;43;27;Mason Hudson;1001652
BUF;43;28;Cedric Robinson;1100180
EDM;43;29;Steven Moyer;443
MAN;43;30;Craig Finley;#N/A
SFP;43;31;Vince Reaper;153
TOR;43;32;Mr. Faceoffs;146
SFP;43;33;Sean Stevenson Jr.;191
TEX;43;34;Vladislav Konstantin;1001665
SFP;43;35;Richard Metcalf Jr.;555
EDM;43;36;Adam Taylor;653
MIN;43;37;Marc Palicka;1001707
MIN;43;38;Thomas Speardane;279
MAN;43;39;Tobias Viklund;1001659
HAM;43;40;FORFEIT;1002779
SFP;43;41;Jack Kennedy;252
CGY;43;42;Crush Cile;372
LAP;43;43;Gvidas Kazlauskas;1002490
SFP;43;44;Carlo Russo;1001660
EDM;43;45;Aleister Cain;504
TOR;43;46;Dank Boija;1001628
TBB;43;47;Veikka Toivanen;143
WPG;43;48;Nate Forsberg;292
WKP;43;49;David Fantobens;253
BUF;43;50;Bust;1001687
SFP;43;51;Petr Vrana;1002491
TOR;43;52;Wolfhard Richter;#N/A
MAN;43;53;Jake Reid;1001709
HAM;43;54;Marcel Pühringer;1001736
CGY;43;56;Helmuts Akmenlauks;1002500
MAN;43;57;Ryan Mason;1002507
SFP;43;58;Eero Makinen;1001602
TBB;43;59;Callum MacElroy;400
TOR;43;60;Nikolaj Boyle;#N/A
MIN;43;61;Nathan Cosco;1002508
LAP;43;1000;Max Mauldin;1002488
TEX;43;65;Liam Ofer;6
MAN;43;1000;Jax Aittokallio;404
NEW;44;1;Rainbow Dash;510
WPG;44;2;Ola Wagstrom;475
EDM;44;3;Tauras Karazija;10
EDM;44;4;Bernard Freeman;406
NEW;44;5;Shaquille Derisraka;1002528
TEX;44;6;Chuck Crutchfield;1001645
CGY;44;7;Mikael Choybuk;291
MIN;44;8;Derek Bohne;#N/A
EDM;44;9;Willy Mack;1001662
WKP;44;10;Shouta Aizawa;242
LAP;44;11;Willie Fisterbottom;212
BUF;44;12;Franz Cooper;369
SFP;44;13;Xena;1001672
HAM;44;14;Jean-Pierre Gay;1002524
WPG;44;15;Jerry Larry;220
MAN;44;16;Barret McCarthy;1001723
CGY;44;17;Brock Nuck;#N/A
MIN;44;18;Dean Colt III;1001643
MAN;44;19;Lillie Jacobs;237
TEX;44;20;Stolp Skottson;1001648
CGY;44;21;Benoit Miniscule;29
MAN;44;22;Roger Baston;1001651
TBB;44;23;Waffles Man;363
MAN;44;24;Airi Yamaguchi;1001663
TEX;44;25;Keegan Angello;1002526
LAP;44;26;Zach Holt;451
SFP;44;27;Ray Bork;1001693
CGY;44;30;Kristers Dezelme;#N/A
TEX;44;48;Aaron Freakin Rome;1002513
MIN;44;50;Bernard Brendorowski;#N/A
MIN;44;1000;Poopity Scoop;1002515
SFP;45;1;Leopold Lockhart;#N/A
TEX;45;2;Andreas Kvalheim;#N/A
MAN;45;3;Mika Mayfield;#N/A
BUF;45;4;Cassius Darrow;#N/A
SFP;45;5;Dominic Montgomery;#N/A
TEX;45;6;Nicolas Fleming;#N/A
HAM;45;7;Donnie Dicks;#N/A
CGY;45;8;Maxime Bouchard;1002511
LAP;45;9;Hiro Fujikawa;#N/A
TOR;45;10;Konstantin Voloshin;#N/A
MIN;45;11;Sanyi Kocsis;205
TBB;45;12;Nolan Sawchuk;203
WPG;45;13;Slip McScruff;228
LAP;45;14;Kenji Yoshimura;23
SFP;45;15;Andy Kerr;337
MIN;45;16;Nickolas Klaus;490
MAN;45;17;Jakub Novak;170
NEW;45;18;Jacob Géza;136
MIN;45;19;Zivan Zidek;1002521
WKP;45;20;Nat Emerson;450
HAM;45;21;Vegeta Muerto;382
BUF;45;22;Alexander Selich;189
BUF;45;23;Samuel Jalopski;1001775
TOR;45;24;Vivian Leblanc;219
SFP;45;25;Griffith Cadwalader;175
SFP;45;26;William Goose;271
SFP;45;27;Ty Hoover;417
TEX;45;28;Jimmy Cahill;108
MIN;45;29;Arsène Arsenich;20
SFP;45;30;Desmond Carey;489
MAN;45;31;PASSED;50
SEA;45;32;Siobhan Ryleigh;285
WPG;45;33;Aleksander Aleksandrov;273
BUF;45;34;PASSED;207
HAM;45;35;PASSED;1001766
CGY;45;36;PASSED;1002548
LAP;45;37;PASSED;22
TOR;45;38;PASSED;24
MIN;45;39;PASSED;356
EDM;45;40;Phil Mcrakin;55
TOR;45;41;PASSED;1002582
WPG;45;42;PASSED;132
HAM;46;1;Nikolai Evans;413
HAM;46;2;Anastasia O'Koivu;1002577
TBB;46;3;Olivier Cloutier;701
BUF;46;4;Monkey D. Luffy;44
MIN;46;5;Mathias Seger;179
NOLA;46;6;Jimmy Slothface;1002568
NEW;46;7;Perry Morgan;274
MAN;46;8;Andrej Doskocil;1100281
HAM;46;9;Kalvins Zvejnieks;1002565
LAP;46;10;Borromini Cannellini;101
WPG;46;11;Nick Brain;1002544
NEW;46;12;Gordie Boomhover;33
MIN;46;13;Jerry Mander;1100183
TBB;46;14;Matt Kholin;523
NEW;46;15;Guy Zheng;1100188
CGY;46;16;Brennan Kennedy Jr.;375
SFP;46;17;Knute Knurtsson;396
BUF;46;18;Kalevi Karhunen;885
BUF;46;19;Bobby Sharp;4
NOLA;46;20;Michael Fox;1002567
CHI;46;21;Kit Smeb;384
CGY;46;22;Barry Batsbak;326
CGY;46;23;Chico Smeb;262
TBB;46;24;Joln Dubolk;142
TOR;46;25;Troy Reynolds;1002531
CHI;46;26;Eva Lykke Aparjode;#N/A
WPG;46;27;Michael Scarn;1002556
BUF;46;28;Kristoffer Svensson;270
MIN;46;29;Collin Gibbles;#N/A
CHI;46;30;Daniel Smeb;1179
WKP;46;31;Gaspard Boone;#N/A
MAN;46;32;Peter Larson;1002572
SFP;46;33;Nathan Explosion;422
BUF;46;34;Raino Kyllonen;1002550
BUF;46;35;Johnny Sins;174
CHI;46;36;Parker Smeb;43
NEW;46;37;Dick Clapper;1002575
HAM;46;38;Brock Emmerton;1100284
CGY;46;39;Bernik Vrzala;#N/A
TOR;46;40;Mike McKorsy;1001759
HAM;46;41;Fork Spoon;#N/A
LAP;46;42;Eddy Ask Jr.;1001715
TOR;46;43;Valeri Tikhonov;#N/A
CHI;46;44;Tibuk Soonika;1002554
MIN;46;45;Casimir Stevens;462
TEX;46;46;Tyler Tougard;1002540
NOLA;46;47;Mike Hunt;1001685
NOLA;46;48;Osbert Whacker;1002574
SFP;46;49;Patrice Nadeau;1002530
EDM;46;50;Taisei-Tiikeri Wawazat;#N/A
BUF;46;51;Eric Vanderberg;#N/A
NOLA;46;52;Basil Magnicotta;#N/A
WPG;46;53;Commander Shepard;#N/A
EDM;46;54;James Truong;1002551
WKP;46;55;Petr Mikulak;#N/A
MAN;46;56;David Vent;#N/A
LAP;46;57;Egor Kucherov;#N/A
TOR;46;58;Donny McMaster;#N/A
CHI;46;59;Liam Hutchinson;#N/A
CGY;46;60;Oliver Klozoff;#N/A
HAM;46;61;Alexis O’Koivu;#N/A
BUF;46;62;Yuri Ushakov;#N/A
WKP;46;63;Aleksander Scherbak;243
EDM;46;64;Cant Eykhil;#N/A
SFP;46;65;Yoshimitsu McCloud;#N/A
TBB;46;66;Lunga Gumba;#N/A
CHI;46;67;Dylan Karlsson;#N/A
CHI;46;68;Jules Watt;74
CGY;46;69;Olin O'Dowd;227
HAM;46;70;Jakub Hasek;40
NOLA;46;71;PASSED;425
MAN;46;72;Zach Laliberte;1002612
TOR;46;73;PASSED;438
LAP;46;74;Max Rockatansky;323
WPG;46;75;Dickens Makeout;1002600
CHI;46;76;Big Fudge;178
SFP;46;77;Lee Marshall;467
CHI;46;78;Jaco Petermen;1002599
CHI;46;79;Backdoor Barnacle;343
EDM;46;80;Hans Zucker;226
SFP;46;81;Ricardo Cotalay;71
TBB;46;82;PASSED;457
BUF;46;83;PASSED;185
NOLA;46;84;PASSED;86
CHI;46;85;Steve Craig Smeb;48
HAM;46;86;Gabster TheMagnificent;54
CGY;46;87;PASSED;1002606
MAN;46;88;PASSED;112
TOR;46;89;PASSED;16
LAP;46;90;PASSED;320
WPG;46;91;PASSED;#N/A
NEW;46;92;PASSED;1001733
MIN;46;93;PASSED;439
TEX;46;94;PASSED;78
WKP;46;95;Ethan Ross;99
EDM;46;96;Touncy Bitties;1001785
SFP;46;97;PASSED;325
BUF;46;98;PASSED;1002578
BUF;46;99;PASSED;514
WPG;47;1;Jax Duggan;1002587
TBB;47;2;Gunnar Soderberg;1002590
CHI;47;3;Corey Kennedy;1002629
SFP;47;4;Filip Zadina;1002626
TBB;47;5;Espen Knutsen Jr.;#N/A
WKP;47;6;Tony Ford;1100196
EDM;47;7;Julio Tokolosh;1002618
TBB;47;8;Cullen Gray;1198
NEW;47;9;Eko van Otter;284
NOLA;47;10;Charlie Serpe;1002614
HAM;47;11;Sami Raanta;1002605
WPG;47;12;Noah Gallagher;1002621
TBB;47;13;Austin Roenick;336
TBB;47;14;Akashi SixNine;184
LAP;47;15;Theo Morgan;793
NEW;47;16;Slap McShotty;598
HAM;47;17;Aaron Wilson;509
BUF;47;18;Lallo Selman;#N/A
CHI;47;19;Martijn Westbroek;#N/A
SFP;47;20;Jaguar Johnson;569
NEW;47;21;Joseph Laraque;75
BUF;47;22;Nicolaj Muller;#N/A
EDM;47;23;Marc Hagan;437
TBB;47;24;Miika Salo;380
NEW;47;25;Przemyslaw Brzeszczyczkiewicz;502
LAP;47;26;Thomas Bathory;1002658
HAM;47;27;Dale Miller;470
TOR;47;28;Harry Carpet;47
WPG;47;29;Juulius Smonk;122
EDM;47;30;Boruvka Banananak;11
LAP;47;31;Seemu Telanne;126
BUF;47;32;Josh Driver;670
EDM;47;33;Savoli Tankovic;324
CHI;47;34;Gunnar Petrov;290
CHI;47;35;Joe Ackroyd;530
SFP;47;36;Vadim Malichov;297
LAP;47;37;Jay Boom’Boom;1002131
TEX;47;38;Alexander Andersson-Grande;335
SFP;47;39;Spencer MacLean;1002663
BUf;47;40;Wibbly McButternutz;1001784
CGY;47;41;Esa Parmborg;1224
CHI;47;42;Jules L'Eclair;355
HAM;47;43;Jake Peralta;411
TOR;47;44;Mattie Brunton;433
MIN;47;45;Igor Volkov;1002664
NEW;47;49;Boris Poroshenko;529
CHI;47;50;Khan Smeb;466
CHI;47;51;Ender Zavala;495
TEX;47;53;Josef Kubinec;#N/A
TOR;47;60;Ja'Aj Coitus;693
NEW;47;63;;1002632
TBB;48;1;Kaspars Claude;571
HAM;48;2;Gabriel Johnson;1002616
MIN;48;3;FORFEIT;1002676
LAP;48;4;Oliver Cleary;1002646
WPG;48;5;Calogero Crudelli;521
NEW;48;6;Piotr Horvat;1002674
SFP;48;7;Timmo Kyllonen;1002666
NOLA;48;8;Lyle Odelein III;1002662
CHI;48;9;Nick Connolly;1100293
TOR;48;10;Mika Kandinsky;1002634
BUF;48;11;Satoshi Zizagooney;1002650
SFP;48;12;Bobby Bobcalf;456
TEX;48;13;Padraig Sarantez;501
EDM;48;14;Barrett Blackwood;648
CGY;48;15;Atlas Rush;304
WKP;48;16;Kasperi Braulin;508
TBB;48;17;Emiko Spector;1002712
LAP;48;18;Joe Kerr;1002706
MIN;48;19;Noah Tedla;118
NOLA;48;20;Zarley Zalapski;269
WKP;48;21;Josef Novotny;87
NEW;48;22;Ravyn Tedisko;842
MINN;48;23;Jon Forty-One;211
SFP;48;24;Jonas Larsson;155
LAP;48;25;Simon LeBlanc;429
EDM;48;26;Raphael d'Alcott;1002690
EDM;48;27;Biz Nasty;1002707
NOLA;48;28;Darnell Johnson;1002725
TEX;48;29;Patrick Niederreiter;430
MIN;48;30;Jaako Jarvinen;820
CGY;48;31;Alexander Thorstrom;1002692
LAP;48;32;Stavros Halkias;506
TEX;48;33;Haley Knight;534
MIN;48;35;Gordon Bombay;610
LAP;48;36;Heikki Jaakola;1002691
WPG;48;37;Tah Puhcheese;79
NEW;48;38;Emeka Valentine-Okoli;1212
SFP;48;40;Richard Rocket;1002697
WKP;48;41;Izem Abioye;1004931
NEW;48;44;Travis Bitties;618
MIN;48;45;Colt Beckett;115
MIN;48;46;Chuck Goody III;1002714
CHI;48;48;Freddie Sweeney;1002735
LAP;49;1;Elijah Jones;494
TEX;49;2;Noah Brusky;373
SFP;49;3;Bo Kane;551
EDM;49;4;FR Finn-Rhys;543
TEX;49;5;Ricky Spanish;130
WKP;49;6;Cody;583
EDM;49;7;Khabib Nurmagomedov;568
TOR;49;8;Jan Zacha;435
CGY;49;9;Prince Devitt;646
HAM;49;10;Skao Anazibf;559
SFP;49;11;Mikas Bieksa;183
TBB;49;12;Anthony Archer;547
TOR;49;13;Derek Bohne Jr.;577
TOR;49;14;Knox Booth;531
WPG;49;15;Artem Mozgov;163
EDM;49;16;Noah Andros;803
NEW;49;17;Jakub Bruchevski;1002792
LAP;49;18;Nolan McMahon;643
BUF;49;19;Denver Wolfe;76
CHI;49;20;Leonid Kofix;550
TEX;49;21;Jake Primeau;625
NEW;49;22;Delver Fudgeson;545
EDM;49;23;Jean-Paul Boivin;331
NEW;49;24;Jukka Jokinen;692
HAM;49;26;Jagger Fouquette;581
SFP;49;27;Heat Siecker;698
TOR;49;30;Jared Lammi;635
WPG;49;31;Henry Morris IV;617
EDM;49;32;Conor Tanner;275
TEX;49;35;Cal Clucker;943
CHI;49;36;Nicklaus Engel;539
TEX;49;37;Gavin Hughes;500
NOLA;49;44;Raquel Castillo Gutierrez;652
CHI;49;1000;Akira Ren;609
HAM;49;1000;Hugh Jazz;584
WPG;50;1;Adam Barron;1002847
TEX;50;2;Ivan Maximus;540
SFP;50;3;Henrik Lekberg Osterman;827
TOR;50;4;Bobby Lane;1002843
CHI;50;5;Ryan Shepard;549
BUF;50;6;Augustus Wang;1002810
LAP;50;7;Disisde Dayudie;1002839
LAP;50;8;Vorian Atreides;761
HAM;50;9;Hariken Urawa;452
WPG;50;10;Ricky Bobby;0
CGY;50;11;Joseph Weston;104
CGY;50;12;Alexei Rykov;1002824
SFP;50;13;Ian Venables;578
MAN;50;14;Phineas Gold;1002816
WKP;50;15;Andrey Barbashev II;770
EDM;50;16;Marcus Ohlsson;1002782
LAP;50;17;Kalevolaripaavo Kaspertommevisnapuu;1100307
HAM;50;18;Samuel Michaud;536
SFP;50;19;Luca Vecceli;550
TBB;50;20;James Ronlain;625
BUF;50;21;Aron Hernadivic;545
MIN;50;22;Markus Tegernako;331
WKP;50;23;Karl Krashwagen;692
BUF;50;24;Tom Fiddler;581
TOR;50;25;Daniel Kuster;698
NOLA;50;26;Zbigniew Pokrywka;635
BUF;50;27;Rintarou Okabe;617
WKP;50;28;Jack Wilson;275
LAP;50;29;Gylfi Eriksson;943
TOR;50;30;Ursin Zimmermann;539
TEX;50;31;Bjorn Leppanen;500
EDM;50;32;Kevin Robinson;652
HAM;50;33;Francois Breton;609
CGY;50;34;Daniel Bischoff;584
BUF;50;35;Hans Schweinsteiger;1002847
NOLA;50;36;Jakob Hamr;540
NEW;50;37;Sasha Dangelchek;827
TOR;50;38;Jay Reeves;1002843
TBB;50;39;Michael Fitted;549
NEW;50;40;Marcus Weiser;1002810
HAM;50;41;Yamamoto Mitsuharu;1002839
CHI;50;42;Johnny Patey;761
EDM;50;43;First-Name Last-Name;452
CGY;50;44;Tobias Lindeman;0
TOR;50;45;Andrei Petrikov;104
NEW;50;46;Georgy Gorbachenko;1002824
NOLA;50;51;Thomas Vanice;578
MIN;50;54;Niklas Fuhrberg;1002816
LAP;50;55;Flash Gordon;770
MIN;50;57;Suzuki Namokato;1002782
BUF;50;59;Mitchell Maverick;1100307
BUF;51;1;Nicholas Owens;536
TEX;51;2;Alexander Wachter;554
CHI;51;3;Abel Skinner;664
WPG;51;4;Zlatan Ibrahimovic Jr.;669
WKP;51;5;Luca Del Vecchio;232
TEX;51;6;Henrik Lundqvist Jr.;647
LAP;51;7;Kenny Creller;544
MAN;51;8;Julien Villeneuve;1002856
TOR;51;9;Ruslan Zaporozhets;481
TOR;51;10;Stracimir Petrovic;952
BUF;51;11;Elizabeth Doyle;834
SFP;51;12;Alex Petrenko;736
NOLA;51;13;Mitchell van der Heijden;801
HAM;51;14;Al Kayhall;791
TEX;51;15;Stan Hanson;765
WKP;51;16;Indigo Trevino;778
HAM;51;17;the stingray that killed steve irwin;1003820
MIN;51;18;Thicc Cheezy;784
WPG;51;19;Steven Vassallo;903
CHI;51;20;Luc-Pierre Lespineau-Lebrunette;731
BUF;51;21;Danila Zhernov;567
NEW;51;22;Mike Hroch;627
EDM;51;23;Luciano Vessot;956
NEW;51;24;Berry Blue;1003816
TOR;51;25;Joakim Ohlund;1003809
WPG;51;26;Cassidy Lhotsky;1003782
TEX;51;27;White Goodman;497
TBB;51;29;Gart Cheezit;1003815
WPG;51;30;Abroop Dhami;1001
TEX;51;31;Kaarlo Kekkonen;750
TEX;51;33;Dario Medici;1003796
MIN;51;34;Ebenezer Virtanen;1003808
WPG;51;35;Bjornoson Bjornosonson;1003791
HAM;51;46;Elle Rush;66
MIN;51;49;Lando Norris;1003814
MIN;51;50;John Forfeit;1003786
MIN;51;51;Ville Virta;1003783
CHI;51;52;Biggus Lickus;1003789
TBB;51;63;Max Davidson;1003812
SFP;52;1;Simothy Drunkebird;88
MIN;52;2;Cal Labovitch;947
TEX;52;3;Adam Scianna;702
TOR;52;4;Rhys Pritchard;934
NEW;52;5;Sven Yxskaft;965
WKP;52;6;SLATT Potts;844
WPG;52;7;Strom Chamberlain;565
TBB;52;8;Ulrik Bergstrom;1004789
MIN;52;9;Danny Marston;786
CGY;52;10;Trey Nets;1004824
NEW;52;11;Olli Saarinen Jr.;738
TEX;52;12;Noah Nystrom;739
MIN;52;13;Jmac NCheese;782
MAN;52;14;Samat Beibitzhanov;630
EDM;52;15;Luke McMasters;#N/A
HAM;52;16;Mega Tron;727
MIN;52;17;C.T. Carragher;1004793
LAP;52;18;Morgan Forestier;1004844
TEX;52;19;Guy O'Shea;968
TOR;52;20;Ryan Cvitkovich;1004790
NEW;52;21;Nicholas Corrigan;1004791
SFP;52;22;Cillian Kavanagh;595
WPG;52;23;Bale;815
TBB;52;24;Simon Moreau;1004816
MIN;52;25;Grant Thurber;1004794
CHI;52;27;Sergei Potvinov;1091
NOLA;52;28;Keith Lee;928
NOLA;52;29;Stirling MacTavish;586
WPG;52;30;Theo Golury;1003801
WKP;52;31;Sabo Tage;634
HAM;52;32;Oleg Iburovich Burov;#N/A
MIN;52;33;Oscar Cordero;1004806
SFP;52;34;Shelby Schmackers;1004788
TBB;52;36;James Manzi;1004845
MAN;52;43;Casimir Blaszczyk;#N/A
EDM;52;47;Wishy Woo Woo;1004802
HAM;52;48;Lucifer Morningstar;1004834
WPG;53;1;Magnus Liljestrom;841
TBB;53;2;Ambacas Cuddles;1201
BUF;53;3;Steve Harrington;1170
TEX;53;4;Edward Williams;1049
LAP;53;5;Jimmy Wagner;395
WKP;53;6;Ethan Duncan;1194
BUF;53;7;Jaska Seppala;150
TOR;53;8;Jack Kanoff;794
CGY;53;9;Bradley Barkov;507
MAN;53;10;Jukka Timonen;933
CHI;53;11;Ryuuji Minamino;768
TBB;53;12;Valentin Kalashnikov;1087
NEW;53;13;Erben Kasius;1004914
WPG;53;14;Reid Sutherland;971
SFP;53;15;Sven Svenson;962
EDM;53;16;William Hartmann;513
TBB;53;17;Frederick Wanesly;249
BUF;53;18;Zoltan Topalo;408
TEX;53;19;Burlok Sulfurgold;1172
MIN;53;20;Rocco Berni;970
TEX;53;21;Eric Hudson;872
NEW;53;22;Ethan Price;718
TBB;53;23;Jerry Huuveri;594
TOR;53;24;Taylor Johansson;917
CGY;53;25;Chris de Siren;1004868
WKP;53;26;Ziggy Tambo;1004876
MAN;53;27;Hiroshi Ohira;1004871
HAM;53;28;Rikard Hammarberg;922
TOR;53;29;Toki Wartooth II;#N/A
LAP;53;30;Danny White;1004785
MIN;53;31;Separa Borro;168
MAN;53;32;Santtu Rasanen;1004911
HAM;53;33;Kriss Darzins;687
MIN;53;34;Ben van Dijk;607
HAM;53;35;A Jobin;596
HAM;53;36;(Clean) Andrei Kostitsyn;590
LAP;53;37;Michael Lee;1004904
WPG;53;38;FORFEITED;#N/A
NEW;53;39;Lucas Hellquist;1004916
SFP;53;40;Trevor Johnson;1004910
CGY;53;41;Skip;#N/A
EDM;53;42;Carlos Brown;1004869
BUF;53;43;Chris Cerullo;1004907
HAM;53;44;Lligma Broomstick;1004859
TOR;53;45;Braden Lowrie;1004890
BUF;53;46;FORFEITED;#N/A
SFP;53;47;Patric Twist;1004924
TBB;53;49;Erik Johansson;1004842
BUF;53;51;Alex Reyer;1004912
MIN;53;52;Bryce Turner;1069
EDM;53;54;Blake Feaux;1004898
BUF;53;55;Alexander Roach;89
MIN;53;56;Yompy Strearf;#N/A
MIN;53;61;Rinako Yukikami;1004905
TOR;53;1000;Axel Meszaros;950
TEX;54;1;Mikkel Asmus Sondergard;1133
TOR;54;2;Ryosuke Sato;1113
NEW;54;3;Matthew Sawful;#N/A
TBB;54;4;Dwight Knight;365
BUF;54;5;Emilia Bergman;1130
CGY;54;6;Mats Marner;157
CHI;54;7;Vitek Vitecek;#N/A
CHI;54;8;Rotticus Scott;1045
EDM;54;9;Daniel Laforest;1018
NOLA;54;10;Bork Lazer;111
BAP;54;11;Pojo Biscuit;605
BAP;54;12;Patrick Shepherd;1148
MIN;54;13;Jack Klompus;1016
TEX;54;14;Taitso Jutila;#N/A
LAP;54;15;Linus Grimstad;1077
HAM;54;16;Simon Takshak;1167
TOR;54;17;Scoochie Stratton;#N/A
TEX;54;18;Joseph Fantobens;1118
TBB;54;19;Matthew Forrester;1044
MIN;54;20;PBJ Souppan;601
TBB;54;21;Elwulf Jericson;107
CHI;54;22;Cale Amundsen;#N/A
CHI;54;23;Jean-Uhtred Ragnarsson-Tremblay;1215
NEW;54;24;James LeBlond;1209
TOR;54;25;Alexei Petrikov;#N/A
BUF;54;27;Thor Odinson;#N/A
SFP;54;28;Thorbjorn Gunnarson;#N/A
EDM;54;29;Guy LeGrande;124
MIN;54;30;Grapefruit Lizard;#N/A
MIN;54;31;Slimey Snail;751
HAM;54;32;Adam Friedland;1173
MAN;54;33;Name Redacted;#N/A
TEX;54;34;Konrad Danke;#N/A
TBB;54;35;Panda Panico;52
MIN;54;36;Tinke Jutila;779
NOLA;54;37;Kwame Dakari;713
NEW;54;38;Bobby Bergen;#N/A
TBB;54;39;Devin Williams;#N/A
TOR;54;41;Patricia Reichardt;#N/A
BAP;54;42;Leo Bloomfield;#N/A
LAP;54;45;Elias Kierkegaard;308
CHI;54;46;Justin Keahi;700
EDM;54;47;Kyle Sutton;64
HAM;54;48;Walito Gretzky;#N/A
EDM;54;49;Bryce McMahon;1151
MIN;54;52;Chet Hillier;#N/A
WPG;54;53;Richard Majors;#N/A
CHI;54;55;Renji Atake;#N/A
NOLA;54;58;Stien Nilsen;#N/A
BUF;54;60;Will Windsor;#N/A
TOR;54;65;Rapid Eagle;#N/A
CHI;54;71;Niccolo Livius;1483
SFP;55;1;Rikard Bjerg;1248
TBB;55;2;Colin Lambert;1378
TOR;55;3;Ryu Jones;1282
NOLA;55;4;Connor Hutton;#N/A
TEX;55;5;Theo Kondos;1269
BAP;55;6;Teddy Park;1295
MIN;55;7;Devin Basher;1196
NEW;55;8;Alexander Oscarsson;1341
CGY;55;9;Chris Goodname;1323
EDM;55;10;Axel Foley;105
NEW;55;11;Gudmundur Kristjansson;1144
TBB;55;12;Igor Victory;1316
EDM;55;13;"Terrence ""Big Terry"" Smith";#N/A
TBB;55;14;Jöörgüštrâäd DuBølk;#N/A
NEW;55;15;Ryan Rieley;#N/A
TBB;55;16;Adrik Baranov;1259
TBB;55;17;TURG TURG;1320
TOR;55;18;Liam Slate;1261
HAM;55;19;Lonnie O'Donoghue;#N/A
BAP;55;20;Lord Raiden;1190
WPG;55;21;Zakkira Diporov;260
SFP;55;22;Walton Stromberg;1293
TBB;55;23;Pavel Kharlamov;#N/A
TBB;55;24;Jesse Seppanen;#N/A
CHI;55;25;Lassi Suhonen;1312
MIN;55;26;Alex Marshall;327
SFP;55;27;Nicolae Andrescu;#N/A
BAP;55;28;Daniil Nikiforov;1254
LAP;55;29;Leonids Balzams;1223
CGY;55;30;Mack Daddy;483
HAM;55;31;Jason Desrouleaux;1100
NOLA;55;32;Sven Gunnar;#N/A
TOR;55;34;Juni Panda;1274
MIN;55;35;James Boxman II;#N/A
NOLA;55;36;Vincent Wolfe;#N/A
WPG;55;37;Zelma Zuntnere;613
BUF;55;38;Johnny Shuffleboard;1262
LAP;55;39;Stan Q. Next;1353
NEW;55;40;Hennesey-Gallochbhar O'McGuinness;#N/A
NEW;55;41;Hubert Andrews;#N/A
EDM;55;42;Peter Ramsey;#N/A
MAN;55;43;Jed Mosley Jr.;1242
CHI;55;44;Junior Guarda;#N/A
LAP;55;45;Juan Hunna-Pussent;#N/A
TEX;55;46;Sammy Blaze;#N/A
HAM;55;47;Asclepius Perseus Flitterwind;1311
WPG;55;48;Fleetway Super Sonic;244
TBB;55;49;Taylor Gervais;#N/A
EDM;55;50;Cody Spinka;#N/A
BAP;55;52;Young Logo;#N/A
TEX;55;55;Nathan Thomas;1370
BUF;55;62;Blunt Man;#N/A
TOR;55;66;Luffy Richard;1156
TEX;55;71;James Hagan;#N/A
BUF;55;78;Wile Coyote;#N/A
BUF;55;;Aumy Jr.;1229
TBB;56;1;Aleksander Kozlov;#N/A
TOR;56;2;Evangelos Giannopoulos;#N/A
MIN;56;3;Rock Strongo;1270
NEW;56;4;Calvin Hobbes;1367
NEW;56;5;Grandmaster Funk;#N/A
TBB;56;6;Vladmir Petrov;1264
SFP;56;7;Yngve Simonsson;1286
LAP;56;8;Jonas Kahnwald;1276
WPG;56;9;Jasper Maximov;#N/A
HAM;56;10;Sarah Burke;1147
TEX;56;11;Slava Petrov;#N/A
TBB;56;12;KnockedOut ByOvechkin;#N/A
CGY;56;13;Sachimo Zoidberg III;1329
NEW;56;14;Teylora Petrov;1327
SEA;56;15;Dee Centerman IV;1246
LAP;56;16;Vili Afalava;#N/A
TBB;56;17;Phillip Weaver;#N/A
SEA;56;18;Zdenko Beranek;#N/A
TBB;56;19;Valtterri Kauppinen;#N/A
BAP;56;20;Tanjiro Kamado;1376
NOLA;56;21;Zbynek Dobrovsky;#N/A
ATL;56;22;Michael Withecheck;806
SEA;56;23;Vaseline Podcalzone;#N/A
BAP;56;24;Zebulon Leavitt;#N/A
SFP;56;25;Chad Danger;#N/A
LAP;56;26;Grape Fruit;1313
NEW;56;27;Alexis Vermette;1350
NEW;56;28;FORFEIT;#N/A
TEX;56;29;Lemo Pihl;#N/A
CHI;56;30;Mat Smith;#N/A
CGY;56;31;Thomas Rose;#N/A
MIN;56;32;Kynwyl Pearce;#N/A
BUF;56;33;Walter Burke;#N/A
LAP;56;34;Long John Donair;#N/A
SFP;56;35;Patrik Money;#N/A
TBB;56;36;Boris Petrov;#N/A
CGY;56;37;Logan Wong;#N/A
TOR;56;38;James Kimanje;1258
MIN;56;39;Anna Maier;#N/A
ATL;56;40;Kenji Sugimoto;#N/A
BUF;56;41;Jst Maro;#N/A
SFP;56;42;Daedalus James;#N/A
EDM;56;43;Bane;#N/A
SEA;56;44;William Salming;#N/A
NEW;56;45;Mikhael Petrov;#N/A
SFP;56;46;Kev Kevens;#N/A
BUF;56;47;Chimkin Tendy;#N/A
CHI;56;48;Bud Weiser;#N/A
NEW;56;49;Adrian Ayers;#N/A
LAP;56;50;Ragnar-Alexandre Ragnarsson-Tremblay;#N/A
LAP;56;51;Jonas Caspari;#N/A
EDM;56;52;Rikki Petrov;#N/A
SFP;56;53;Raivo Helminen;#N/A
BUF;56;54;Eero Makinen Jr.;#N/A
CHI;56;55;Damien Vertigo;#N/A
ATL;56;58;Josh Dolphin;#N/A
SEA;56;59;Monkey Mann Jr.;#N/A
TBB;56;60;C.K. Supernaw;#N/A
SFP;56;61;Valtteri Aalto;#N/A
HAM;56;65;Cenek Iqbal;#N/A
TBB;56;69;Unga Bunga Lemme Smash;#N/A
EDM;56;70;Markleesio Hopscotch;#N/A
ATL;56;76;Max Goodman;#N/A
SEA;56;77;Yuuto Kira Cloudera Jr.;#N/A
BAP;56;78;Jimmy Dekens;#N/A
EDM;56;88;Karl Schaufelberger;#N/A
NOLA;56;89;Xavier Doom;#N/A
BUF;56;90;Halldor Ragnarssson;#N/A
BAP;56;1000;Lucas Johansson;#N/A
